Case #,Incident Code,Reported,Case Status,Start Occurred,End Occurred,Building,Location,Stolen,Damaged,Description
20160001,ACCIDENTS - P.D. H&R NOT REPORTABLE,2/1/2016 17:25,Open,2/1/2016 10:40,2/1/2016 17:15,Durham Science Center,6601 University Drive North (GOV'T PARKING LOT (UNO)),$0.00,$0.00,Officer 601 took a report on a hit and run in Lot F.
20160011,MISC - OTHER,2/3/2016 0:24,Open,2/2/2016 23:35,2/3/2016 0:05,Mav Village Bldg C,6622 University Drive South (UNO RESIDENCE HALL),$0.00,$0.00,DPS assisted a Resident assistant with report of drug activity with nothing found.
20160002,LARCENY - OTHER OR FROM OPEN AREA,2/3/2016 12:48,Open,1/29/2016 15:00,2/1/2016 9:00,Lot 26,2800 South 67th (UNKNOWN),$510.00,$0.00,Theft of back pack from Shuttle/Lot 26.
20160003,MISC - OTHER,2/3/2016 14:29,Open,2/3/2016 11:00,2/3/2016 11:20,Criss Library,6401 University Drive North (SIDEWALK),$0.00,$0.00,Auto/Pedestrian contact.  No injury reported.
20160004,SUSPICIOUS PERSON,2/3/2016 21:50,Open,2/3/2016 19:04,2/3/2016 19:20,Baxter Arena,2524 S 67th (GOV'T PARKING LOT (UNO)),$0.00,$0.00,Suspicious person escorted off campus by Officer Belson.
20160005,SS - OTHER,2/4/2016 12:15,Open,2/4/2016 9:30,2/4/2016 9:40,Roskens Hall,"6005 University Drive North (UNO SUPPORT FACILITY (office, service))",$0.00,$0.00,A unidentified student was upset in the College of Education Dean's office.
20160006,SUSPICIOUS PERSON,2/4/2016 13:30,Open,1/26/2016 19:00,1/26/2016 20:00,Parking Structure 2 (J GARAGE),6650 University Drive South (GOV'T PARKING GARAGE (UNO)),$0.00,$0.00,A student was approached by a suspicious person in lot J. A photo of the suspect was obtained from CCTV.
20160007,ACCIDENTS - P.D. NOT REPORTABLE,2/4/2016 21:09,Open,2/4/2016 21:09,2/4/2016 21:09,Parking Structure 1 (EAST GARAGE),310 University Drive East (GOV'T PARKING GARAGE (UNO)),$0.00,$0.00,Adjunct Professor reported a property damage accident in Lot U.  No University property was damaged.
20160008,TELEPHONE - OTHER,2/5/2016 16:28,Open,1/18/2016 12:00,2/5/2016 15:45,Arts & Science Hall,222 University Drive East (UNO ACADEMIC BUILDING),$0.00,$0.00,Officer Belson took a report on a telephone harassment complaint.
20160009,DISTURBANCE - OTHER,2/6/2016 0:09,Open,2/6/2016 0:09,2/6/2016 0:09,Scott Hall,6510 Pine (UNO RESIDENCE HALL),$0.00,$0.00,Public Safety received a complaint of a student & a visitor smoking a controlled substance in a residence hall.  No controlled substances were located.
20160010,SS - OTHER,2/6/2016 14:49,Open,2/6/2016 13:08,2/6/2016 14:49,Criss Library,6401 University Drive North (LIBRARY),$0.00,$0.00,Officer Gillett responded to a report of a theft suspect.  Suspect located and OPD contacted.  Suspect issued ban and bar letter and escorted off UNO property.
20160012,ACCIDENTS - P.D. H&R REPORTABLE,2/7/2016 15:28,Open,2/5/2016 20:00,2/7/2016 14:00,Eppley Administration,6101 University Drive North (UNKNOWN),$0.00,$0.00,"A student, reported a Hit and Run for his car while parked on campus."
20160013,MEDICAL EMERGENCY,2/8/2016 12:05,Open,2/8/2016 9:50,2/8/2016 10:50,Roskens Hall,6005 University Drive North (UNO ACADEMIC BUILDING),$0.00,$0.00,"A student, reported having chest pains and requested an ambulance."
20160015,ACCIDENTS - P.D. H&R REPORTABLE,2/9/2016 15:00,Open,2/6/2016 12:20,2/6/2016 13:15,Criss Library,6401 University Drive North (GOV'T PARKING LOT (UNO)),$0.00,$0.00,On 2/16/16 a student reported that his vehicle was struck while parked in Lot M
20160016,LARCENY - FROM MOTOR VEHICLE,2/9/2016 19:38,Open,2/9/2016 17:15,2/9/2016 19:38,Peter Kiewit Institute,1110 South 67th Street (GOV'T PARKING LOT (UNO)),$484.00,$0.00,Officer Belson took a theft report.
20160017,ALCOHOL - BUY/PROCURE FOR MINORS,2/10/2016 5:01,Open,2/10/2016 1:30,2/10/2016 3:21,SC Building 1,6404 Shirley Street (UNO RESIDENCE HALL),$0.00,$0.00,"While on patrol in SC Building 1, CSO Zane HARM found Alcohol Violations. OPD was called and three residents were cited."
20160018,ACCIDENTS - P.D. H&R NOT REPORTABLE,2/10/2016 13:30,Open,2/10/2016 8:00,2/10/2016 11:40,Parking Structure 1 (EAST GARAGE),310 University Drive East (GOV'T PARKING GARAGE (UNO)),$0.00,$0.00,A student reported her car was hit and damaged while parked in lot T.
20160019,SS - OTHER,2/10/2016 19:34,Open,2/10/2016 9:45,2/10/2016 12:45,N/A,(GOV'T PARKING LOT (UNO)),$0.00,$0.00,A student reported her car was hit and damaged while parked in Lot 5.
20160020,MISC - OTHER,2/11/2016 2:03,Open,2/11/2016 2:03,2/11/2016 2:28,SV Commons,1601 S. 64th (OTHER LOT/FIELD),$0.00,$0.00,Reckless driver with $430 in outstanding tickets.
20160021,VANDALISM - BY GRAFFITI,2/11/2016 10:45,Open,2/10/2016 8:00,2/10/2016 18:00,Parking Structure 1 (EAST GARAGE),310 University Drive East (GOV'T PARKING GARAGE (UNO)),$0.00,$0.00,A staff member reported someone wrote an obscene message on his vehicle while parked in lot T.
20160022,ALCOHOL - UNO POLICY VIOLATION,2/12/2016 2:12,Open,2/11/2016 23:28,2/12/2016 23:28,SV Building B,1708 S 63rd Plaza (UNO RESIDENCE HALL),$0.00,$0.00,Violation of University alcohol policy in a residence hall by three students and one visitor. Violators were of legal age. Three students were referred to conduct.
20160023,ESCORT - OTHER,2/12/2016 10:54,Open,2/12/2016 10:00,2/12/2016 10:54,HPER,6323 Maverick Plaza (UNO ACADEMIC BUILDING),$0.00,$0.00,Sgt. Hoffman provided an escort of  a student for Counseling Services to UNMC.
20160024,ACCIDENTS - P.D. H&R REPORTABLE,2/12/2016 16:48,Open,2/11/2016 18:00,2/11/2016 22:00,N/A,(GOV'T PARKING LOT (UNO)),$0.00,$0.00,On 2-12-16 Officer Mason took a hit and run report.
20160026,MISC - OTHER,2/17/2016 9:51,Open,2/13/2016 12:00,2/13/2016 13:00,SC Building 1,6404 Shirley Street (GOV'T PARKING LOT (UNO)),$0.00,$0.00,"A student, reported she slipped and fell in Lot 13 on February 13."
20160027,MISC - OTHER,2/17/2016 14:47,Open,2/17/2016 14:47,2/17/2016 14:47,N/A,(SINGLE FAMILY – off campus),$0.00,$0.00,"A Student, was transported to UNO Counseling and then to Methodist Hospital for a Domestic Assault that occurred off campus."
20160028,FIRE - FALSE ALARM,2/18/2016 9:25,Open,2/18/2016 8:48,2/18/2016 9:25,Durham Science Center,6601 University Drive North (UNO ACADEMIC BUILDING),$0.00,$0.00,Dispatch notified all units of a Fire Alarm DSC 010. Officers arrived and found no cause for the alarm.
20160029,SUSPICIOUS PERSON,2/18/2016 11:00,Open,2/17/2016 23:00,2/18/2016 0:00,Eppley Administration,6101 University Drive North (SINGLE FAMILY – off campus),$0.00,$0.00,A student reported unwanted contact from another student which occurred off campus.
20160030,ACCIDENTS - INJURY,2/18/2016 15:50,Open,2/16/2016 21:15,2/16/2016 21:15,Eppley Administration,6101 University Drive North (SIDEWALK),$0.00,$0.00,A student reported she slipped and fell on ice on the sidewalk on the North West side of EAB. This happened on 2-16-16.
20160031,DISTURBANCE - DOMESTIC,2/18/2016 22:24,Open,2/18/2016 22:24,2/19/2016 0:15,SC Building 4,6510 Shirley Street (UNO RESIDENCE HALL),$0.00,$0.00,A UNO student who resides in Scott Court reported a disturbance with her mother who was intoxicated.
20160032,SUSPICIOUS PERSON,2/19/2016 21:51,Open,2/19/2016 21:40,2/19/2016 21:50,N/A,(SIDEWALK),$0.00,$0.00,A Student reported a Suspicious Person while walking along University Drive South.
20160034,SEX OFFENSE - OTHER,2/20/2016 17:30,Open,2/20/2016 17:20,2/20/2016 17:20,Arts & Science Hall,222 University Drive East (UNO ACADEMIC BUILDING),$0.00,$0.00,Report of a Sexual Assault in the Arts and Science Building.
20160033,MEDICAL EMERGENCY,2/20/2016 19:22,Closed - Non-Criminal Case,2/20/2016 18:35,2/20/2016 18:50,Arts & Science Hall,222 University Drive East (UNO ACADEMIC BUILDING),$0.00,$0.00,A non affiliated visitor to campus suffered a medical emergency and was transported to the hospital.
20160035,MISC - OTHER,2/21/2016 22:37,Open,2/21/2016 22:37,2/21/2016 22:30,HPER,6323 Maverick Plaza (UNO ACADEMIC BUILDING),$0.00,$0.00,Report of a Drug Violation in Lot N.
20160036,ACCIDENTS - P.D. NOT REPORTABLE,2/22/2016 8:31,Open,,,Eppley Administration,6101 University Drive North (GOV'T PARKING LOT (UNO)),$0.00,$0.00,Public Safety vehicle #107 was found to have a dent on the passenger front bumper.
20160037,MEDICAL EMERGENCY,2/22/2016 14:16,Open,2/22/2016 14:16,2/22/2016 14:16,Arts & Science Hall,222 University Drive East (UNO ACADEMIC BUILDING),$0.00,$0.00,Report of Medical Emergency ASH 100. No Ambulance needed.
20160038,SS - OTHER,2/22/2016 15:08,Open,2/22/2016 15:08,2/22/2016 16:36,Niobrara Hall-1,6510 University Drive South (UNO APARTMENT),$0.00,$0.00,A wellness check was requested for a student living at UV. The student was located and after talking wit Counseling was transported to UNMC.
20160039,ALCOHOL - DRUNK,2/22/2016 18:05,Open,2/22/2016 18:05,2/22/2016 18:05,Mammel Hall,6708 Pine (UNO ACADEMIC BUILDING),$0.00,$0.00,6:05pm an intoxicated student was escorted out of Mammel Hall to his residence. off campus.
20160040,LARCENY - FROM BUILDING,2/24/2016 10:10,Open,2/24/2016 9:30,2/24/2016 10:00,Arts & Science Hall,222 University Drive East (UNO ACADEMIC BUILDING),$0.00,$0.00,2/24/16 1010  - A student reported her wallet was stolen from ASH second floor women's restroom.
20160041,ESCORT - OTHER,2/24/2016 11:48,Open,2/24/2016 11:48,2/24/2016 11:48,HPER,6323 Maverick Plaza (UNO ACADEMIC BUILDING),$0.00,$0.00,UNO Counseling requested Public Safety transport a student to UNMC.
20160042,DISTURBANCE - BETWEEN NEIGHBORS,2/25/2016 12:09,Open,2/24/2016 16:00,2/24/2016 21:30,SV Building E,6606 S 63rd Plaza (UNO APARTMENT),$0.00,$0.00,"2-15-16 1210, residence at Scott Village building E room 204 reported being harassed."
20160043,ALCOHOL - MINOR IN POSSESSION,2/25/2016 16:24,Open,2/25/2016 16:27,2/25/2016 16:55,Loop Hall North-6,6507 University Drive South (UNO APARTMENT),$0.00,$0.00,On 2-25-16 officers were dispatched to university village on a call of possible controlled substance. A check was conducted with RA and a small amount of alcohol was found and disposed of. No citations were issued.
20160044,MISC - OTHER,2/26/2016 11:45,Open,2/26/2016 11:45,2/26/2016 11:45,HPER,6323 Maverick Plaza (UNO ACADEMIC BUILDING),$0.00,$0.00,On 2-26-16 at 11:45 am Counseling Services requested Public Safety standby for OPD. OPD arrived to provide a Mental Health transport for a student.
20160059,DISTURBANCE - OTHER,2/27/2016 0:25,Open,2/27/2016 0:20,2/27/2016 0:25,SV Building B,1708 S 63rd Plaza (GOV'T PARKING LOT (UNO)),$0.00,$0.00,"On 2-27-16 Officers responded to Scott Village on a report of two students fighting. Both parties were escorted to a friends room, no citations were issued."
20160047,MISSING PERSON - ADULT,2/29/2016 8:15,Closed - Cleared by Exception,2/27/2016 8:00,2/29/2016 8:35,Eppley Administration,6101 University Drive North (LIBRARY),$0.00,$0.00,On 2-29-16 officers were dispatched to the Library looking for a missing persons. The person was found and left campus with there family.
20160048,ACCIDENTS - P.D. H&R REPORTABLE,2/29/2016 10:24,Open,2/29/2016 7:30,2/29/2016 9:50,Parking Structure 2 (J GARAGE),6650 University Drive South (GOV'T PARKING GARAGE (UNO)),$0.00,$0.00,Parking reported a bollard was knocked over at the North entrance to Lot J. A parked car was damaged.
20160049,ALCOHOL - BUY/PROCURE FOR MINORS,3/1/2016 2:43,Open,3/1/2016 0:46,3/1/2016 2:43,SV Building B,1708 S 63rd Plaza (UNO APARTMENT),$0.00,$0.00,"On 3-1-16 at 12:46 AM Public Safety Officers responded to 1708 S. 63rd Plaza for an alcohol violation.  Two students were cited for Procuring alcohol for minors, two students and one visitor were cited for being Minor's in Possession of alcohol."
20160050,ACCIDENTS - P.D. H&R REPORTABLE,3/1/2016 10:37,Open,3/1/2016 7:45,3/1/2016 8:20,N/A,N 67th Street & Pacific Street (GOV'T PARKING LOT (UNO)),$0.00,$0.00,A student reported his car was hit an damaged while parked in lot 5. A witness left a note.
20160051,MEDICAL EMERGENCY,3/1/2016 15:18,Open,3/1/2016 15:45,3/1/2016 15:18,Roskens Hall,6005 University Drive North (UNO ACADEMIC BUILDING),$0.00,$0.00,On 3-1-2016 at 3:45 pm Public Safety was called to 6605 University Drive North in reference to a student that had hit her head and sustained a minor injury. The student was transferred to health services.
20160052,DISTURBANCE - OTHER,3/1/2016 16:30,Open,3/1/2016 14:00,3/1/2016 14:05,Durham Science Center,6601 University Drive North (UNO ACADEMIC BUILDING),$0.00,$0.00,On 3-1-16 at 2:00 pm Public Safety Officers were called to 6601 University Drive North in regards to a disruptive student.  The student was gone upon arrival.  Referred to conduct.
20160053,TRESPASSING,3/1/2016 17:26,Open,3/1/2016 17:26,3/1/2016 17:49,Nemaha Hall North-5,6501 University Drive South (GOV'T PARKING LOT (UNO)),$0.00,$0.00,On 3-1-16 officers observed a Ban and Bar suspect in Lot L. The subject and two other Uno students were found with a small amount of marijuana but were not cited.
20160054,MISC - OTHER,3/2/2016 15:15,Closed - Non-Criminal Case,2/25/2016 14:29,2/25/2016 14:29,N/A,(STREET),$0.00,$0.00,On 3-2-16 at 3:15 pm Public Safety was requested by a faculty member to report a Hit/Run accident that occurred off campus.  The accident happened on 2-25-16 at 2:29 pm and was also reported to Omaha Police.  The faculty member reported minor injuries from the accident.
20160055,MISSING PERSON - ADULT,3/2/2016 21:55,Open,3/2/2016 17:30,3/2/2016 21:55,Scott Hall,6510 Pine (UNO APARTMENT),$0.00,$0.00,On 3-2-16 officers responded to Scott Hall to assist Omaha Police with a missing person. Omaha Police found the person off campus.
20160056,DISTURBANCE - OTHER,3/4/2016 6:40,Open,3/4/2016 6:40,3/4/2016 6:40,HPER,6323 Maverick Plaza (UNO ACADEMIC BUILDING),$0.00,$0.00,On 3-4-16 Public Safety Officers were dispatched to HPER for a disturbance involving a student.  The student became upset when he was denied entry because his access had expired.  The student left before officers arrived.
20160057,ALCOHOL - DRUNK,3/4/2016 15:46,Open,3/4/2016 15:46,3/4/2016 16:27,Child Care,230 University Drive West (GOV'T PARKING LOT (UNO)),$0.00,$0.00,On 3-4-16 Officers responded to Uno Child Care on a call of a possibly intoxicated parent trying to leave with there child. The child's other parent was contacted and picked up the child.
20160058,ESCORT - MONEY TRANSFER,3/4/2016 21:28,Open,3/4/2016 4:08,3/4/2016 4:31,HPER,6323 Maverick Plaza (UNO ACADEMIC BUILDING),$0.00,$0.00,On 3-4-16 at 0408 AM Public Safety Officers responded to HPER for a report of unsecured property.  Officers recovered the property from the HPER front desk area and secured it until it could be returned to HPER staff when they arrived.
20160060,VANDALISM - OTHER,3/6/2016 9:00,Open,,,N/A,University Drive South (GOV'T PARKING LOT (UNO)),$0.00,$0.00,3/6/16 0900 a Visitor reported a Hit and Run Accident in Lot K.
20160061,DISTURBANCE - OTHER,3/7/2016 9:10,Open,3/7/2016 9:00,3/7/2016 0:00,Arts & Science Hall,222 University Drive East (UNO ACADEMIC BUILDING),$0.00,$0.00,On 3-07-26 at 9:10 am Public Safety was dispatched to 222 University Drive East in regards to a disruptive student in a classroom.  The student had left the room and was no longer disruptive.
20160062,ACCIDENTS - P.D. H&R REPORTABLE,3/7/2016 15:05,Closed - Cleared by Exception,3/7/2016 15:05,3/7/2016 15:05,Arts & Science Hall,222 University Drive East (GOV'T PARKING LOT (UNO)),$0.00,$500.00,On 3-07-16 at 2:50 pm a faculty member reported his vehicle was struck while parked in Lot W.
20160063,DISTURBANCE - OTHER,3/7/2016 19:17,Open,3/7/2016 19:17,3/7/2016 19:17,Peter Kiewit Institute,1110 South 67th Street (UNO ACADEMIC BUILDING),$0.00,$0.00,A Visitor was escorted out of PKI for creating a Disturbance.
20160064,PARKING - OTHER,3/8/2016 15:31,Open,3/8/2016 14:31,3/8/2016 14:31,Eppley Administration,6101 University Drive North (GOV'T PARKING LOT (UNO)),$0.00,$0.00,On 3-8-16 at 2:30 pm a minor property damage accident occurred between 2 UNO vehicles in the Eppley Administration Building parking lot  ( 6001 Dodge St. )
20160065,PORNOGRAPHY,3/8/2016 18:45,Open,3/8/2016 17:45,3/8/2016 18:03,Collage of Public Affairs & Community Service,6320 Maverick Plaza (UNO ACADEMIC BUILDING),$0.00,$0.00,"On 3-8-16 officers responded to CPCS on a report of a person viewing porn. When officers arrived it was confirmed that the person was viewing porn, and was then escorted from campus."
20160066,ACCIDENTS - P.D. H&R REPORTABLE,3/9/2016 9:00,Open,3/9/2016 7:20,3/9/2016 7:30,HPER,6323 Maverick Plaza (GOV'T PARKING GARAGE (UNO)),$0.00,$0.00,On 3-9-16 at 0900 AM a student reported their vehicle had been struck by another vehicle while parked in lot N.
20160067,MEDICAL EMERGENCY,3/9/2016 17:05,Open,3/9/2016 17:00,3/9/2016 17:05,Weber Fine Arts,6505 University Drive South (SIDEWALK),$0.00,$0.00,On 3/19/16 at 5:00 pm Public Safety was dispatched to 6505 University Drive South in reference to a medical emergency.  A visitor to campus had fainted and hit her head causing a minor headache.  She refused any further medical attention.
20160068,ACCIDENTS - P.D. H&R NOT REPORTABLE,3/11/2016 10:53,Open,3/10/2016 9:00,3/10/2016 14:30,HPER,6323 Maverick Plaza (PARK/REC AREA),$0.00,$0.00,3-11-16 Health Services Staff reported his vehicle was hit and damaged while parked in lot G.
20160069,LARCENY - OTHER OR FROM OPEN AREA,3/11/2016 17:00,Open,3/10/2016 17:42,3/11/2016 15:30,Weber Fine Arts,6505 University Drive South (UNO ACADEMIC BUILDING),$200.00,$0.00,On 3/11/2016 at 5:00 pm a student reported that his IPOD Touch was stolen from the charging station at 6505 University Drive South between 3/10/2016 at 5:42 pm to 3/11/2016 at 3:30 pm.
20160070,VANDALISM - OTHER,3/11/2016 20:48,Open,3/11/2016 18:00,3/11/2016 18:00,Eppley Administration,6101 University Drive North (SIDEWALK),$0.00,$0.00,On 3-11-16 at 6:00 pm a Public Safety Officer observed vandalism to freshly poured concrete near the Blue Phone on the south side of 6001 Dodge St.
20160071,VANDALISM - OTHER,3/12/2016 3:00,Closed - Cleared by Arrest-Juvenile,3/11/2016 23:37,3/12/2016 2:15,Parking Structure 2 (J GARAGE),6650 University Drive South (GOV'T PARKING GARAGE (UNO)),$0.00,$0.00,On 3-11-16 at 11:37 PM a group of three non affiliated juveniles discharged a fire extinguisher in the northeast stairwell of Lot J activating the fire alarm.  Suspects were scene on CCTV running from the area.  At 0109 the suspects were again observed on campus and contacted by Public Safety officers.  One juvenile was  arrested for Criminal Mischief under $500.
20160072,LOST OR STOLEN ITEM,3/12/2016 10:55,Open,3/9/2016 12:00,3/11/2016 8:30,Scott Hall,6510 Pine (SIDEWALK),$400.00,$0.00,On 3-12-16 A student reported to Public Safety that his bicycle had been stolen from outside of Scott Residence Hall.  The theft occurred between 3-9-16 at 12:00 PM and 3-11-16 at 08:30 AM.
20160073,UNO POLICY VIOLATION -OTHER,3/12/2016 23:52,Open,3/12/2016 23:52,3/12/2016 23:52,Mav Village Bldg K,6614 University Drive South (UNO RESIDENCE HALL),$0.00,$0.00,On 3-12-16 at 11:53 pm Public Safety Officers were dispatched to 6614 University Drive South in regards to a noise disturbance inside a residence hall.  Students were advised to keep the noise down.
20160074,MISC - OTHER,3/14/2016 20:24,Open,3/14/2016 20:20,3/14/2016 20:24,Arts & Science Hall,222 University Drive East (UNO ACADEMIC BUILDING),$0.00,$0.00,On 3/14/16 8:20 pm a student reported feeling light headed from minor bleeding. The student was given minor first aid and went home.
20160075,MISC - OTHER,3/15/2016 10:40,Open,3/15/2016 8:53,3/15/2016 0:00,Allwine Hall,6220 Maverick Plaza (UNO ACADEMIC BUILDING),$0.00,$0.00,On 3/15/2016 at 8:53 am a student was struck in the head by a clock that fell off the wall in a classroom at 6220 Maverick Plaza.  The student was not injured.
20160076,LARCENY - OTHER OR FROM OPEN AREA,3/15/2016 14:39,Open,3/14/2016 12:30,3/14/2016 12:45,Arts & Science Hall,222 University Drive East (UNO ACADEMIC BUILDING),$80.00,$0.00,On 3-15-2016 at 2:39 pm a student came to the Public Safety office to report that her wallet was taken from her purse on 3-14-2016 between 12:30 pm and 12:45 pm at 222 University Drive East.
20160078,NARCOTICS - OTHER,3/15/2016 18:03,Open,3/15/2016 18:03,3/15/2016 18:03,SV Building J,1510 s 63rd Court (UNO APARTMENT),$0.00,$0.00,On 3-16-2016 at 5:32 pm Public Safety Officers were dispatched to 1510 S. 63 Court in reference to a controlled substance violation.  An odor of marijuana was detected but no suspects were located.
20160079,MEDICAL EMERGENCY,3/15/2016 18:40,Open,,,Strauss Performing Arts,6305 University Drive North (UNO ACADEMIC BUILDING),$0.00,$0.00,A UNO Staff called an ambulance for a migraine headache.
20160080,NARCOTICS - POSSESSION,3/15/2016 19:36,Open,3/15/2016 19:36,3/15/2016 20:53,SC Building 4,6510 Shirley Street (GOV'T PARKING LOT (UNO)),$0.00,$0.00,"A vehicle was observed driving recklessly. The driver, a student, was questioned and cited for marijuana possession."
20160081,ALCOHOL - MINOR IN POSSESSION,3/16/2016 5:34,Open,3/16/2016 0:47,3/16/2016 1:44,SC Building 1,6404 Shirley Street (UNO RESIDENCE HALL),$0.00,$0.00,3/16/16 1235a while on patrol Scott Village a room was investigated for possible alcohol violations. No citations were issued.
20160082,ALCOHOL - DWI,3/17/2016 4:50,Open,3/17/2016 0:53,3/17/2016 2:12,Thompson Alumni Center,6705 Dodge Street (GOV'T PARKING LOT (UNO)),$0.00,$0.00,On 3-17-16 at 0212 AM Public Safety Officers on patrol at 6705 Dodge Street encountered an intoxicated driver.  Omaha Police were called and 1 visitor was escorted off campus.  No arrests/citations issued.
20160083,ACCIDENTS - P.D. H&R REPORTABLE,3/17/2016 10:00,Open,3/15/2016 11:21,3/15/2016 11:21,Parking Structure 1 (EAST GARAGE),310 University Drive East (GOV'T PARKING GARAGE (UNO)),$0.00,$0.00,Probable Cause Affadavit
20160084,VANDALISM - OTHER,3/17/2016 14:15,Open,3/17/2016 10:00,3/17/2016 14:00,Weber Fine Arts,6505 University Drive South (GOV'T PARKING LOT (UNO)),$0.00,$200.00,On 3-17-16 at 2:25 pm Public Safety Officers were dispatched to 6505 University Drive South in reference to a vandalism.  A student reported that his motorcycle was scratched while parked.
20160085,FRAUD - IMPERSONATION,3/17/2016 15:46,Open,3/17/2016 15:30,3/17/2016 16:06,Sapp Fieldhouse,6311 Maverick Plaza (UNO ACADEMIC BUILDING),$0.00,$0.00,3/17/18 3:46p a Faculty member reported being a victim of Fraud.
20160086,MISSING PERSON - ADULT,3/18/2016 1:48,Open,3/17/2016 14:30,3/18/2016 1:48,SC Building 3,6464 Shirley Street (UNKNOWN),$0.00,$0.00,"3/18/16 1:48a Scott Court building 3, room 304 students reported their roommate was possibly missing."
20160087,LOST OR STOLEN ITEM,3/18/2016 9:41,Open,3/7/2016 9:00,3/9/2016 10:00,Criss Library,6401 University Drive North (LIBRARY),$600.00,$0.00,3/16/16 0940 a student reported her ring was lost or stolen on campus.
20160088,LOST OR STOLEN ITEM,3/18/2016 11:05,Open,3/18/2016 9:50,3/18/2016 11:00,N/A,606 Happy S. Hollow BLVD. (CITY OWNED FACILITY),$625.00,$0.00,8/18/16 1105 a student reported his vehicle was broken into and items stolen in Elmwood park by the pool area.
20160091,NARCOTICS - POSSESSION,3/24/2016 22:29,Open,3/24/2016 22:29,3/25/2016 0:21,Welcome Center,6533 University Drive South (GOV'T PARKING LOT (UNO)),$0.00,$0.00,"On 3-14-16 at 10:29 PM Public Safety Officers were dispatched to lot G for a report of two men behaving suspiciously, possibly trying to break in to a car.  Officers located the men and contacted Omaha Police.  One student was cited for marijuana possession less than 1 ounce and possession of drug paraphernalia."
20160092,MISC - OTHER,3/25/2016 14:49,Open,3/25/2016 12:30,3/25/2016 12:35,N/A,N 72nd Street (RESTAURANT),$0.00,$0.00,A visitor called to make a complaint about a staff member.
20160093,DISTURBANCE - OTHER,3/26/2016 20:21,Open,3/26/2016 19:29,3/26/2016 20:00,SC Building 1,6404 Shirley Street (UNO RESIDENCE HALL),$0.00,$0.00,A Scott Court resident reported a Domestic Dispute.
20160094,BURGLARY,3/27/2016 21:12,Open,2/1/2016 21:12,3/27/2016 20:38,Parking Structure 2 (J GARAGE),6650 University Drive South (GOV'T PARKING LOT (UNO)),$0.00,$0.00,3/27/16 8:38p a student reported his vehicle was broken into while parked in lot J  and one item stolen.
20160095,LOST OR STOLEN ITEM,3/27/2016 22:45,Open,3/18/2016 15:30,3/27/2016 22:45,Scott Hall,6510 Pine (UNO RESIDENCE HALL),$0.00,$0.00,3/27/16 10:45p a student reported his bike was stolen from Scott Hall bike rack.
20160096,VANDALISM - OTHER,3/27/2016 23:59,Open,3/27/2016 23:59,3/28/2016 0:27,SV Building A,6360 Walnut Plaza (STREET),$0.00,$0.00,3/27/16 1159p a pizza delivery driver reported his vehicle was hi by paintball from Scott Village building A.
20160097,ACCIDENTS - P.D. NOT REPORTABLE,3/28/2016 9:52,Open,3/28/2016 9:52,3/28/2016 10:18,HPER,6323 Maverick Plaza (GOV'T PARKING GARAGE (UNO)),$0.00,$0.00,3/28/16 0952 a student reported an accident in lot N. Both drivers exchanged information.
20160098,LOST OR STOLEN ITEM,3/28/2016 14:32,Open,3/18/2016 13:00,3/27/2016 20:00,Parking Structure 2 (J GARAGE),6650 University Drive South (GOV'T PARKING LOT (UNO)),$0.00,$0.00,A student reported her vehicle was broken into and items stolen while parked in lot J.
20160099,ALCOHOL - MINOR IN POSSESSION,3/30/2016 4:31,Open,3/30/2016 2:07,3/30/2016 3:49,SV Building H,1511 S 64th Court (UNO RESIDENCE HALL),$0.00,$0.00,Students were found drinking Scott Village Building H. Five students were cited for MIP.
20160100,ACCIDENTS - P.D. NOT REPORTABLE,3/30/2016 14:31,Closed - Unfounded,3/30/2016 9:31,3/30/2016 13:20,Lot 26,2800 South 67th (GOV'T PARKING LOT (UNO)),$0.00,$0.00,A student reported a hit and run in lot 26.
20160101,ACCIDENTS - P.D. H&R NOT REPORTABLE,3/30/2016 19:56,Open,3/30/2016 8:00,3/30/2016 19:30,Parking Structure 2 (J GARAGE),6650 University Drive South (GOV'T PARKING GARAGE (UNO)),$0.00,$500.00,A Faculty member reported a hit and run in Lot J.
20160102,NARCOTICS - POSSESSION,3/30/2016 22:28,Open,3/30/2016 22:28,3/30/2016 22:28,N/A,N 65th Street & Pine Street (GOV'T PARKING LOT (UNO)),$0.00,$0.00,CSO observed a marijuana violation in Lot 13. A student was cited for possession less than one ounce.
20160104,SUSPICIOUS PERSON,4/3/2016 10:54,Open,4/3/2016 10:01,,Sapp Fieldhouse,6311 Maverick Plaza (UNO ACADEMIC BUILDING),$0.00,$0.00,Public Safety located an unauthorized person sleeping in the Fieldhouse atrium.
20160105,MEDICAL EMERGENCY,4/4/2016 10:49,Open,4/4/2016 10:49,4/4/2016 10:52,Roskens Hall,6005 University Drive North (UNO ACADEMIC BUILDING),$0.00,$0.00,Public Safety was dispatched to Roskens Hall in reference to a medical emergency.  A student was transported by rescue squad to the hospital for a medical condition.
20160106,ACCIDENTS - P.D. H&R NOT REPORTABLE,4/4/2016 13:20,Open,4/4/2016 6:00,4/4/2016 13:20,N/A,6116 Dodge St (CHURCH/ETC.),$0.00,$0.00,A student reported to Public Safety that her vehicle was struck while parked in the St. Margaret Mary's parking lot.
20160107,VANDALISM - OTHER,4/4/2016 14:12,Open,4/2/2016 3:00,4/3/2016 10:20,SC Building 3,6464 Shirley Street (GOV'T PARKING LOT (UNO)),$0.00,$0.00,A student reported that her vehicle was vandalized while parked in lot 13.
20160108,NARCOTICS - POSSESSION,4/4/2016 19:37,Open,4/4/2016 19:37,4/4/2016 20:40,Loop Hall North-6,6507 University Drive South (GOV'T PARKING LOT (UNO)),$0.00,$0.00,Public Safety encountered an vehicle improperly parked in a handicap parking stall.  The vehicle had alcohol and drug paraphernalia inside.  Those items were disposed of and the owner asked to depart campus.
20160109,LARCENY - FROM MOTOR VEHICLE,4/5/2016 20:52,Open,4/4/2016 19:00,4/5/2016 16:00,SC Building 4,6510 Shirley Street (GOV'T PARKING LOT (UNO)),$14.00,$0.00,A student reported that his vehicle was broken into while parked in lot 13.  A few miscellaneous items were missing from his vehicle.
20160110,SUSPICIOUS PERSON,4/6/2016 0:31,Open,4/6/2016 0:09,4/6/2016 0:31,SC Building 4,6510 Shirley Street (UNO RESIDENCE HALL),$0.00,$0.00,Public Safety was dispatched to a residence hall concerning a ban/bar suspect on the property.  The suspect had left the area prior to Officers arrival.
20160111,ACCIDENTS - P.D. H&R REPORTABLE,4/6/2016 9:15,Open,4/5/2016 10:00,4/5/2016 16:00,Parking Structure 1 (EAST GARAGE),310 University Drive East (GOV'T PARKING GARAGE (UNO)),$0.00,$0.00,"Student reported to Public safety that their vehicle was struck in lot ""T"""
20160112,ACCIDENTS - P.D. H&R REPORTABLE,4/6/2016 10:35,Open,4/4/2016 19:30,4/4/2016 21:30,N/A,(GOV'T PARKING LOT (UNO)),$0.00,$0.00,A student reported his vehicle was struck while parked in lot 14.
20160113,MEDICAL EMERGENCY,4/6/2016 13:32,Open,4/6/2016 12:32,4/6/2016 12:32,Milo Bail Student Center,"6203 University Drive North (UNO SUPPORT FACILITY (office, service))",$0.00,$0.00,Public Safety was called to the Milo Bail Student Center for a student having a Medical Emergency.
20160116,LARCENY - FROM MOTOR VEHICLE,4/6/2016 14:50,Open,4/6/2016 9:00,4/6/2016 14:40,N/A,6630 Dodge Street (GOV'T PARKING LOT (UNO)),$630.00,$0.00,A student reported to Public Safety that her vehicle had been broken into and items stolen while parked in the First Christian Church parking lot.
20160114,LARCENY - FROM MOTOR VEHICLE,4/6/2016 16:21,Open,4/6/2016 9:00,4/6/2016 15:45,N/A,6630 Dodge Street (GOV'T PARKING LOT (UNO)),$600.00,$0.00,A student reported to Public Safety that items were stolen from his unlocked vehicle while parked in the First Christian Church parking lot.
20160115,LARCENY - FROM MOTOR VEHICLE,4/6/2016 16:42,Open,4/6/2016 11:50,4/6/2016 16:03,N/A,(GOV'T PARKING LOT (UNO)),$0.00,$0.00,A student reported to Public Safety that her vehicle was broken into and items stolen while parked in the First Christian Church parking lot.
20160117,LARCENY - FROM MOTOR VEHICLE,4/6/2016 17:35,Open,4/6/2016 12:50,4/6/2016 14:25,N/A,6630 DODGE (GOV'T PARKING LOT (UNO)),$585.00,$0.00,A student reported that her vehicle was broken into and items stolen while parked in the First Christian Church parking lot.
20160119,ACCIDENTS - P.D. H&R REPORTABLE,4/6/2016 19:48,Open,4/6/2016 19:01,4/6/2016 19:05,N/A,Dodge Street & S 67th Street (STREET),$0.00,$0.00,Public Safety took a report of an motorist incident that occurred off campus.
20160120,SUSPICIOUS PERSON,4/7/2016 3:01,Open,4/7/2016 3:01,,SC Building 3,6464 Shirley Street (UNO RESIDENCE HALL),$0.00,$0.00,Public Safety was dispatched to a residence hall in regards to an intoxicated person in the elevator.  The visitor was escorted off campus by Omaha Police.
20160121,LOST OR STOLEN ITEM,4/7/2016 9:35,Open,4/7/2016 9:08,4/7/2016 9:22,Arts & Science Hall,222 University Drive East (UNO ACADEMIC BUILDING),$241.00,$0.00,A Faculty member reported a book was stolen from his office in ASH.
20160133,SEX OFFENSE - ATTEMPT RAPE,4/7/2016 10:18,Open,4/7/2016 22:10,4/7/2016 22:16,N/A,Lot 26 (GOV'T PARKING LOT (UNO)),$0.00,$0.00,Attempted sexual assault Baxter Arena
20160122,ALCOHOL - DWI,4/7/2016 20:49,Open,4/7/2016 20:49,4/7/2016 21:48,Baxter Arena,2524 S 67th (GOV'T PARKING LOT (UNO)),$0.00,$0.00,Suspicious vehicle at Baxter arena.  Driver determined to be DUI and turned over to OPD for processing.
20160123,MISC - OTHER,4/7/2016 23:22,Open,4/7/2016 19:00,4/7/2016 23:22,Baxter Arena,"2524 S 67th (UNO SUPPORT FACILITY (office, service))",$0.00,$0.00,Public Safety was dispatched to Maverick Village to check on a possible intoxicated person.  No intoxicated individuals were located.
20160124,ACCIDENTS - P.D. H&R NOT REPORTABLE,4/8/2016 15:30,Open,4/7/2016 10:50,4/8/2016 13:45,Lot 26,2800 South 67th (GOV'T PARKING LOT (UNO)),$0.00,$0.00,Property Damage hit and run possibly occurred in lot 26 on 07 Apr 16. No suspect information.  Victim is a student.
20160125,BURGLARY,4/9/2016 20:17,Open,3/22/2016 18:00,4/9/2016 16:00,Loop Hall North-6,6507 University Drive South (UNO RESIDENCE HALL),$400.00,$0.00,Public Safety Officers were dispatched to 6507 University Drive South for a reported break in.  A student resident reported property had been stolen.  Omaha Police responded and took a report.
20160126,VANDALISM - BY GRAFFITI,4/11/2016 9:12,Open,,,HPER,6323 Maverick Plaza (UNO ACADEMIC BUILDING),$0.00,$0.00,A custodian reported finding graffiti in the first floor men's restroom.
20160127,MISC - OTHER,4/11/2016 10:01,Open,4/10/2016 14:45,4/11/2016 7:55,Community Engagement Center,6335 University Drive North (UNO ACADEMIC BUILDING),$0.00,$0.00,A staff member reported a damaged glass window in the Community Engagement Center.
20160128,"PROPERTY DAMAGE - UNINTENTIONAL,NON TRAFFIC",4/11/2016 11:45,Open,4/10/2016 23:59,4/10/2016 23:59,Strauss Performing Arts,6305 University Drive North (GOV'T PARKING LOT (UNO)),$0.00,$0.00,"Student vehicle damaged when parking lot arm bar at lot ""D"" lowered onto his windshield.  The contact caused the windshield to crack."
20160129,SUSPICIOUS PERSON,4/11/2016 16:20,Open,4/10/2016 23:00,4/10/2016 23:10,Criss Library,6401 University Drive North (UNO ACADEMIC BUILDING),$0.00,$0.00,"While at the Criss Library, a student reported being uncomfortable with the the actions of a male party that approached her.  Reporting Party advised she felt that she was being stalked.  Suspect not in area, report taken 17 hours after incident."
20160131,LARCENY - FROM BUILDING,4/12/2016 13:50,Open,4/12/2016 10:20,4/12/2016 11:57,Peter Kiewit Institute,1110 South 67th Street (UNO ACADEMIC BUILDING),$0.00,$0.00,A Faculty reported her wallet was stolen from her office in PKI 204B.
20160132,FIRE (WORKING) - ALARM,4/13/2016 0:35,Open,4/12/2016 22:51,,N/A,2425 S 67th St (SPORT FACILITIES),$0.00,$0.00,Public Safety was dispatched to Baxter Arena for a fire directly inside the dock area inside the arena.
20160134,SUSPICIOUS PERSON,4/13/2016 17:13,Open,4/13/2016 8:35,,N/A,Dodge Street (SIDEWALK),$0.00,$0.00,"While walking to the bus stop on Dodge Street, a female student was approached by a W/M who through his actions made the reporting party feel uneasy."
20160135,SUSPICIOUS PERSON,4/13/2016 22:13,Open,3/31/2016 22:00,4/13/2016 22:13,Criss Library,6401 University Drive North (UNO ACADEMIC BUILDING),$0.00,$0.00,"Two female students were approached while on campus by a male student.  Due to his actions, the female students became nervous and contacted Public Safety."
20160136,LARCENY - STOLEN BIKE,4/14/2016 15:10,Closed - Unfounded,4/11/2016 12:00,4/13/2016 16:00,SV Building A,6360 Walnut Plaza (UNO RESIDENCE HALL),$0.00,$0.00,"Student had his bicycle stolen from in front of Scott Village building ""A"".  The bike had been attached to the bike rack and was stolen between 04/11/2016 and 04/13/2016."
20160139,ALCOHOL - DRUNK,4/15/2016 11:58,Open,4/15/2016 11:58,4/15/2016 11:58,Criss Library,6401 University Drive North (UNO ACADEMIC BUILDING),$0.00,$0.00,Staff from Criss library requested assistance with an intoxicated male.  Officers arrived and located the party who was in fact intoxicated.  He was removed from the property.  The party removed was NOT a student and was last seen getting on a Metro bus.
20160140,LARCENY - FROM BUILDING,4/15/2016 13:08,Open,4/14/2016 18:00,4/14/2016 21:00,Niobrara Hall-1,6510 University Drive South (UNO RESIDENCE HALL),$0.00,$0.00,Student reported have $20.00 stolen from her purse.  The theft occurred in her dorm room and she suspects one of her roommates.
20160141,MEDICAL EMERGENCY,4/16/2016 10:38,Open,4/16/2016 10:38,4/16/2016 11:09,Community Engagement Center,6335 University Drive North (UNO ACADEMIC BUILDING),$0.00,$0.00,4/16/16 at 1038 Public Safety responded to a Medical Emergency involving a student at CEC. The student was transported by ambulance to Methodist Hospital.
20160142,MEDICAL EMERGENCY,4/17/2016 14:24,Open,4/17/2016 14:20,4/17/2016 14:24,Calmus Hall North-4,6502 University Drive South (UNO APARTMENT),$0.00,$0.00,4/17/16 2:32p Public Safety responded to a Medical Emergency University Village building 4. A student was transported by ambulance to Bergan Mercy Hospital.
20160144,ACCIDENTS - P.D. H&R REPORTABLE,4/17/2016 22:50,Open,4/17/2016 21:35,4/17/2016 22:00,Criss Library,6401 University Drive North (UNO ACADEMIC BUILDING),$0.00,$0.00,4/17/16 at 10:00p a witness reported a hit and run accident in lot M.
20160145,MISC - OTHER,4/19/2016 11:07,Open,4/19/2016 7:59,4/19/2016 8:05,Parking Structure 2 (J GARAGE),6650 University Drive South (GOV'T PARKING GARAGE (UNO)),$0.00,$0.00,4/19/16 7:59a Public Safety Officer did a safety check on a student sleeping in his car.
20160146,MISC - OTHER,4/19/2016 12:02,Open,4/17/2016 6:33,4/17/2016 6:35,HPER,"6323 Maverick Plaza (STATE OWNED FACILITY (fairgrounds, armory, etc.))",$0.00,$0.00,F.Y.I. the parties employment was terminated
20160147,LOST OR STOLEN ITEM,4/19/2016 16:02,Open,4/17/2016 20:00,4/17/2016 21:30,HPER,6323 Maverick Plaza (UNO ACADEMIC BUILDING),$25.00,$0.00,"Student advised that he was in the HYPR bldg. and had left his wallet by the east bench in the basketball area.  He left and returned a short time later and discovered his wallet missing.  He has checked with HYPR staff, however wallet has not been turned in."
20160152,LARCENY - FROM COIN OPERATED MACH.,4/20/2016 0:00,Open,,,Mammel Hall,6708 Pine (UNO ACADEMIC BUILDING),$0.00,$0.00,Damage to property and theft to a toiletry dispenser in room 114 of Mammal Hall.
20160149,MISC - OTHER,4/20/2016 9:35,Open,4/20/2016 9:25,,Roskens Hall,6005 University Drive North (UNO ACADEMIC BUILDING),$0.00,$0.00,Public Safety Officers called to water alarm in room 008 of Roskens Hall.
20160151,AUTO THEFT,4/20/2016 17:56,Open,4/20/2016 10:00,4/20/2016 17:40,Lot 26,2800 South 67th (GOV'T PARKING LOT (UNO)),$0.00,$0.00,A student reported that his vehicle was stolen from lot 26.
20160154,MEDICAL EMERGENCY,4/21/2016 12:41,Open,4/21/2016 11:54,4/21/2016 12:10,HPER,6323 Maverick Plaza (UNO ACADEMIC BUILDING),$0.00,$0.00,"Officers dispatched to HPER, Health Services regarding a medical emergency.  Student transported by OFD medics to UNMC."
20160155,MISC - OTHER,4/21/2016 14:00,Open,,,N/A,(SINGLE FAMILY – off campus),$0.00,$0.00,Student reported that she will be obtaining a protection order against her ex-boyfriend and wanted UNODPS to be aware of the situation.  The suspect is not a student.
20160156,SUSPICIOUS PERSON,4/21/2016 14:01,Closed - Non-Criminal Case,4/21/2016 14:01,4/21/2016 14:12,Mav Village Bldg I,6630 University Drive South (UNO APARTMENT),$0.00,$0.00,Student resident of Maverick Village allowed her boyfriend to enter her dorm without her being present.  She gave the boyfriend her Mav-Card so that he could enter the dorm and wait for her while she was in class.
20160153,ACCIDENTS - P.D. NOT REPORTABLE,4/21/2016 23:52,Open,4/21/2016 22:30,4/21/2016 22:45,Parking Structure 1 (EAST GARAGE),310 University Drive East (GOV'T PARKING LOT (UNO)),$0.00,$0.00,Vehicle accident involving a student .  The driver/student was in lot V when she struck a light pole with her vehicle.  No injuries reported.
20160157,AUTO THEFT,4/22/2016 12:30,Open,4/22/2016 7:00,4/22/2016 12:15,Durham Science Center,6601 University Drive North (GOV'T PARKING LOT (UNO)),$0.00,$0.00,Student reported that her vehicle had been stolen from Lot F.  OPD contacted.
20160158,AUTO THEFT,4/22/2016 17:29,Open,4/22/2016 3:00,4/22/2016 16:30,SV Building B,1708 S 63rd Plaza (GOV'T PARKING LOT (UNO)),$100.00,$0.00,Motorcycle theft reported at Scott Village.  No suspects at this time.  Theft occurred on 22 April 2016 between 0300 and 1630.
20160159,SUSPICIOUS PERSON,4/22/2016 23:42,Open,4/8/2016 22:00,4/22/2016 22:30,SV Building F,6355 Pine Plaza (STREET),$0.00,$0.00,Suspicious males possibly following female student from Walmart to Scott Village.
20160160,MISC - OTHER,4/23/2016 13:50,Open,4/22/2016 23:00,4/23/2016 1:00,SC Building 3,6464 Shirley Street (UNO RESIDENCE HALL),$0.00,$0.00,Parent of student contacted PSO regarding possible marijuana use inside her daughters dorm room.  Officers checked dorm and could not find any evidence marijuana was being used.
20160161,MEDICAL EMERGENCY,4/24/2016 14:41,Open,4/23/2016 21:07,4/23/2016 21:48,Weber Fine Arts,6505 University Drive South (UNO ACADEMIC BUILDING),$0.00,$0.00,Medical emergency at Webber Fine Arts Building.  Party refused treatment and left scene.
20160163,MEDICAL EMERGENCY,4/26/2016 12:23,Open,4/26/2016 11:48,4/26/2016 12:14,Arts & Science Hall,222 University Drive East (UNO ACADEMIC BUILDING),$0.00,$0.00,Student reported having a medical emergency while in the Arts and Science Hall.  He father arrived and took him to UNMC for treatment.
20160164,SUSPICIOUS VEHICLE,4/27/2016 8:53,Open,4/27/2016 2:45,4/27/2016 2:55,N/A,N Happy Hollow Blvd & Dodge Street (STREET),$0.00,$0.00,Custodian reported to have been followed while on her way to work.  The incident started off campus and continued while on campus.
20160165,ACCIDENTS - P.D. H&R NOT REPORTABLE,4/27/2016 12:34,Open,4/25/2016 8:00,4/25/2016 10:00,Parking Structure 1 (EAST GARAGE),310 University Drive East (GOV'T PARKING GARAGE (UNO)),$0.00,$0.00,Property Damage accident at east garage.  Investigation later determined that the accident did not occur on UNO property.
20160166,VANDALISM - OTHER,4/27/2016 12:57,Open,4/27/2016 9:50,4/27/2016 12:20,N/A,(PARK/REC AREA),$0.00,$0.00,Student's vehicle was parked in Elmwood park as he attended classes.  When he returned to the vehicle he noticed damage.  It appeared to be a destruction of property and not an vehicle accident.  No suspects at this time.
20160167,SUSPICIOUS PERSON,4/28/2016 23:32,Open,4/28/2016 23:05,4/28/2016 23:40,Criss Library,6401 University Drive North (UNO ACADEMIC BUILDING),$0.00,$0.00,Call of a suspicious person at Criss Library.  Party was identified as a repeat offender who randomly talks to girls in campus buildings
20160168,ALCOHOL - OPEN CONTAINER,4/29/2016 0:46,Open,4/29/2016 0:46,4/29/2016 1:11,Scott Hall,6510 Pine (UNO RESIDENCE HALL),$0.00,$0.00,"CSO PORTER while on a building check inside Scott Hall identified what she perceived to be the sound of beer bottles clanking inside room 401 as one of the occupants opened the door into the hall way. A health and wellness check was conducted and alcohol was located inside the room.  Two of the five occupants were MIP, OPD not contacted per Sgt. Folker."
20160169,ALCOHOL - UNO POLICY VIOLATION,4/29/2016 1:25,Open,4/29/2016 1:25,4/29/2016 1:46,SV Building G,1512 S 63rd Court (UNO RESIDENCE HALL),$0.00,$0.00,"Officers observed party smoking on the 3rd balcony of Scott Village building.  Upon approach, three parties were on balcony, all appeared to have been drinking alcohol.  RA located alcohol in dorm."
20160171,UNO POLICY VIOLATION -OTHER,4/29/2016 22:21,Open,4/29/2016 22:21,4/29/2016 23:07,Mammel Hall,6708 Pine (UNO ACADEMIC BUILDING),$0.00,$0.00,three parties observed in Mammel Hall room 214.  Alcohol was present.  They were all removed from property.  Two of the Three were students.
20160172,ALCOHOL - MINOR IN POSSESSION,4/29/2016 23:12,Open,4/29/2016 23:12,4/29/2016 0:55,SV Building A,6360 Walnut Plaza (UNO RESIDENCE HALL),$0.00,$0.00,MIP arrest from Scott Court.  Three parties located inside room discussing drug use.  Alcohol found in room and two parties cited by OPD for MIP.
20160173,ALCOHOL - MINOR IN POSSESSION,4/30/2016 1:10,Open,4/30/2016 1:10,4/30/2016 3:01,SV Building B,1708 S 63rd Plaza (UNO RESIDENCE HALL),$0.00,$0.00,"Juveniles were inside a dorm room consuming alcoholic beverages.  They were overheard talking about one of the parties ""throwing up."" they were checked for safety, all were consuming alcohol and all were under the legal drinking age.  All arrested by OPD for MIP."
20160174,LARCENY - FROM MOTOR VEHICLE,4/30/2016 13:19,Open,4/29/2016 22:00,4/30/2016 12:00,SC Building 1,6404 Shirley Street (GOV'T PARKING LOT (UNO)),$540.00,$0.00,Theft from motor vehicle lot 9.  No suspects as of this report.
20160175,ALCOHOL - MINOR IN POSSESSION,4/30/2016 23:53,Open,4/30/2016 23:53,4/30/2016 1:59,Mav Village Bldg A,6610 University Drive South (UNO RESIDENCE HALL),$0.00,$0.00,Officers at Maverick Village for loud party in room.  Alcohol located and OPD contacted.  6 minors cited and released.
20160177,SS - CHECK WELFARE OF PERSON,5/1/2016 2:24,Open,5/1/2016 2:24,5/1/2016 3:30,Platte Hall South-3,6518 University Drive South (SIDEWALK),$0.00,$0.00,Self drugged student.  May have been using other drugs prior to Officers making contact.  OPD refused to cite for Marijuana
20160176,ACCIDENTS - P.D. H&R REPORTABLE,5/1/2016 5:55,Open,5/1/2016 0:30,5/1/2016 1:00,N/A,S 60th Street & Dodge Street (STREET),$0.00,$0.00,Hit and Run Accident that occurred off campus.  Driver pulled onto campus to clear Dodge Street and wait for OPD to arrive.
20160178,SUSPICIOUS PERSON,5/1/2016 23:11,Open,5/1/2016 23:11,5/2/2016 5:32,Mammel Hall,6708 Pine (GOV'T PARKING LOT (UNO)),$0.00,$0.00,Suspicious person in the area of Mammel Hall.  He ran from officers and was not located.  He had been involved in a disturbance near Westroads and dropped off a vehicle he took from his girlfriend.  She was also on scene as was OPD officers.  No arrests were made.
20160179,ALCOHOL - UNO POLICY VIOLATION,5/2/2016 4:28,Open,,,SV Building E,6606 S 63rd Plaza (GOV'T PARKING LOT (UNO)),$0.00,$0.00,"During a building check CSO located an open door.  W wellness check was conducted and as a result, one unaffiliated male was found to have alcohol in his  vehicle.  One student admitted to having smoked marijuana earlier in the day, however no marijuana or paraphernalia was located.No arrests were made."
20160180,"PROPERTY DAMAGE - UNINTENTIONAL,NON TRAFFIC",5/2/2016 13:11,Open,4/21/2016 12:30,4/21/2016 12:32,Scott Confrence Center,6450 Pine (GOV'T PARKING LOT (UNO)),$0.00,$0.00,Parking arm at Scott Conference Center lot 10 malfunctioned causing damage to a vehicle.
20160182,"PROPERTY DAMAGE - UNINTENTIONAL,NON TRAFFIC",5/3/2016 10:23,Open,,,Mav Village Clubhouse Bldg S,6608 University Drive South (SIDEWALK),$0.00,$0.00,Vehicle drove over flower garden at Maverick.  No suspect information.
20160181,LARCENY - OTHER OR FROM OPEN AREA,5/3/2016 10:26,Open,5/3/2016 0:10,5/3/2016 0:16,Baxter Arena,2524 S 67th (SPORT FACILITIES),$10.00,$0.00,Theft of pallets from the dock area at BaxterArena
20160183,DISTURBANCE - BETWEEN NEIGHBORS,5/3/2016 15:42,Open,,,SV Building I,1509 S 64th Court (UNO RESIDENCE HALL),$0.00,$0.00,"Ongoing disturbances between occupants of two dorm rooms in building I of Scott Village.  The victim advises that suspects have been harassing them since November 2015, however on this occasion she feels like it has progressed to sexual harassment in nature."
20160184,ACCIDENTS - P.D. H&R REPORTABLE,5/3/2016 20:58,Open,5/3/2016 15:00,5/3/2016 15:30,SC Building 3,6464 Shirley Street (GOV'T PARKING LOT (UNO)),$0.00,$0.00,Report of a hit and run property damage accident that possibly occurred in  in lot 13.  No suspect vehicle/driver at this time.
20160185,ALCOHOL - UNO POLICY VIOLATION,5/4/2016 1:43,Open,5/4/2016 1:15,,Weber Fine Arts,6505 University Drive South (UNO ACADEMIC BUILDING),$0.00,$0.00,An adult over 21 was found to be in possession of alcohol in an academic building.  The alcohol was disposed of and advised of the no alcohol policy.
20160186,ACCIDENTS - P.D. H&R NOT REPORTABLE,5/5/2016 10:53,Open,4/19/2016 8:00,4/19/2016 17:00,Scott Court,6404 Shirly Street (GOV'T PARKING LOT (UNO)),$0.00,$0.00,Student reported her vehicle damaged in Hit and Run accident.  Some communications between victim and suspect occurred however suspect never came forward to repair damage.
20160187,MEDICAL EMERGENCY,5/5/2016 21:30,Open,5/5/2016 18:00,,Mammel Hall,6708 Pine (UNO ACADEMIC BUILDING),$0.00,$0.00,Faculty member tripped and fell causing slight injury to her knee
20160188,PARKING - OTHER,5/6/2016 2:19,Open,5/6/2016 2:19,5/6/2016 2:34,Parking Structure 2 (J GARAGE),6650 University Drive South (GOV'T PARKING GARAGE (UNO)),$0.00,$0.00,Student found sleeping in his vehicle in lot J.  Advised CSO that he had no place to live and needed to sleep.
20160189,MISSING PERSON - ADULT,5/7/2016 15:18,Open,,,Platte Hall South-3,6518 University Drive South (UNO APARTMENT),$0.00,$0.00,"Student reported missing by his father.  Student located per (supplementary report) in Elmwood park.  No issues, advised to contact parents."
20160190,BURGLARY,5/7/2016 19:51,Open,5/7/2016 14:50,5/7/2016 16:15,Sapp Fieldhouse,6311 Maverick Plaza (UNO ACADEMIC BUILDING),$650.00,$0.00,"Report of a burglary at the  Sapp Fieldhouse.  Several items were recovered, however additional items remain missing."
20160191,LOST OR STOLEN ITEM,5/9/2016 13:15,Open,5/6/2016 11:00,5/9/2016 7:50,Eppley Administration,"6101 University Drive North (UNO SUPPORT FACILITY (office, service))",$0.00,$0.00,Employee advised that she had some flowers removed from her work area at EAB.  The incident occurred over the weekend.
20160194,NARCOTICS - POSSESSION,5/9/2016 16:30,Closed - Cleared by Arrest-Adult,5/9/2016 16:30,,Parking Structure 2 (J GARAGE),6650 University Drive South (PARKING GARAGE (Private)),$0.00,$0.00,Two parties arrested for possession of marijuana and paraphernalia after being located in J Lot top level.  One of those arrested is a student.
20160193,TRESPASSING,5/9/2016 16:32,Closed - Cleared by Arrest-Adult,5/8/2016 15:06,5/8/2016 15:11,Eppley Administration,"6101 University Drive North (UNO SUPPORT FACILITY (office, service))",$0.00,$0.00,"Video shows a student breaking into room 110 of EAB.  Suspect in room for 5 minutes, no items could be seen being removed."
20160195,LOST OR STOLEN ITEM,5/10/2016 9:53,Open,5/10/2016 8:23,,Community Engagement Center,"6335 University Drive North (UNO SUPPORT FACILITY (office, service))",$0.00,$0.00,Student was caught stealing sandwiches from the CEC.
20160197,NARCOTICS - POSSESSION,5/10/2016 17:14,Closed - Cleared by Arrest-Adult,5/10/2016 17:14,,Scott Confrence Center,6450 Pine (PARKING GARAGE (Private)),$0.00,$0.00,Party approached parked in lot just south of Scott Conference Center.  He was sitting in his vehicle smoking marijuana.  Non-Student
20160198,MEDICAL EMERGENCY,5/11/2016 17:05,Open,5/11/2016 17:05,,Sapp Fieldhouse,6311 Maverick Plaza (UNO ACADEMIC BUILDING),$0.00,$0.00,Medical Emergency Sapp Field House  Student refused transport to Hosp.
20160199,ACCIDENTS - P.D. H&R REPORTABLE,5/12/2016 6:31,Open,5/12/2016 2:34,,Parking Structure 2 (J GARAGE),6650 University Drive South (PARKING GARAGE (Private)),$0.00,$0.00,Hit and run accident suspect hit cross arm in J lot garage.
20160200,ACCIDENTS - P.D. H&R NOT REPORTABLE,5/13/2016 12:18,Open,5/7/2016 0:00,5/13/2016 0:00,Eppley Administration,6101 University Drive North (UNKNOWN),$0.00,$0.00,5/13/16 1157 Staff reported a State vehicle was hit and damaged while parked. Time and location unknown.
20160201,DISTURBANCE - BETWEEN NEIGHBORS,5/13/2016 13:38,Open,5/13/2016 11:45,5/13/2016 12:15,Mav Village Bldg V,6618 University Drive South (UNO RESIDENCE HALL),$0.00,$0.00,"Argument between roommates at Maverick Village.  During the argument, threatening statement was made."
20160202,LARCENY - FROM MOTOR VEHICLE,5/13/2016 15:23,Open,5/12/2016 20:30,5/13/2016 15:00,SC Building 3,6464 Shirley Street (GOV'T PARKING LOT (UNO)),$15.00,$0.00,Theft from vehicle in Scott Court.  No suspects at this time.
20160203,ALCOHOL - OPEN CONTAINER,5/14/2016 2:41,Open,5/14/2016 1:31,5/14/2016 2:41,Scott Hall,6510 Pine (GOV'T PARKING LOT (UNO)),$0.00,$0.00,Three unaffiliated parties observed drunk and disorderly on UNO Campus.  OPD contacted and two of the three arrested. (Cited and released)
20160204,ALCOHOL - DRUNK,5/15/2016 1:23,Open,5/14/2016 23:55,5/15/2016 1:23,Scott Confrence Center,6450 Pine (GOV'T PARKING LOT (UNO)),$0.00,$0.00,"Disturbance outside Scott Conference Center.  Three parties involved, non of which were students."
20160206,ACCIDENTS - P.D. H&R REPORTABLE,5/16/2016 13:14,Open,5/12/2016 21:00,5/13/2016 3:00,Weber Fine Arts,6505 University Drive South (GOV'T PARKING LOT (UNO)),$0.00,$0.00,Hit and Run accident reported by student in K lot.  No video evidence a collision occurred on campus property.
20160208,ACCIDENTS - P.D. H&R REPORTABLE,5/18/2016 11:17,Open,5/16/2016 17:00,5/16/2016 20:00,N/A,(GOV'T PARKING LOT (UNO)),$0.00,$0.00,Hit and Run accident that possibly occurred on campus.  No run vehicle information available at this time.
20160209,ACCIDENTS - P.D. REPORTABLE,5/18/2016 17:30,Closed - Unfounded,5/18/2016 17:30,,Baxter Arena,2524 S 67th (COMMERCIAL PARKING LOT),$0.00,$0.00,Baxter Arena Staff reported a driver backed into a light pole causing minor damage. No charges were filed.
20160207,LARCENY - FROM MOTOR VEHICLE,5/18/2016 20:45,Open,5/17/2016 19:00,5/17/2016 20:30,Baxter Arena,"2524 S 67th (STATE OWNED FACILITY (fairgrounds, armory, etc.))",$610.50,$0.00,Non-affiliated victim in the Baxter arena lot #21
20160211,FIRE (WORKING) - NO ALARM,5/20/2016 16:54,Open,5/20/2016 16:20,5/20/2016 16:54,Center Building & Dome,6808 Spring Street (GOV'T PARKING LOT (UNO)),$0.00,$0.00,Minor vehicle fire in lot 20 near the Center Dome.  Non student and no UNO property damaged.
20160212,"PROPERTY DAMAGE - UNINTENTIONAL,NON TRAFFIC",5/22/2016 18:35,Open,5/22/2016 18:15,5/22/2016 18:15,Mav Village Bldg A,6610 University Drive South (UNO RESIDENCE HALL),$0.00,$0.00,Non Criminal property damaged when Handicap door opener motor fell from top of door.
20160213,SUSPICIOUS PERSON,5/25/2016 13:57,Open,5/24/2016 14:20,5/24/2016 14:30,Arts & Science Hall,222 University Drive East (UNO ACADEMIC BUILDING),$0.00,$0.00,"While delivering mail to ASH, mail services employee came across an uncooperative party that was loud and verbally abusive."
20160214,ACCIDENTS - P.D. NOT REPORTABLE,5/25/2016 17:45,Open,5/25/2016 16:36,,Parking Structure 2 (J GARAGE),6650 University Drive South (GOV'T PARKING GARAGE (UNO)),$0.00,$0.00,A student reported to Public Safety that his vehicle damaged a parking gate in J Lot.
20160215,MEDICAL EMERGENCY,5/27/2016 9:36,Open,5/27/2016 8:48,5/27/2016 9:00,Baxter Arena,2524 S 67th (SPORT FACILITIES),$0.00,$0.00,Medical emergency at Baxter Arena.  Non-Student attending graduation practice went was having a seizure.  He was transported to hospital by squad.
20160216,PARKING - BLOCKING DRIVE,5/28/2016 1:30,Open,5/27/2016 11:45,5/28/2016 12:45,Scott Court,6404 Shirly Street (GOV'T PARKING LOT (UNO)),$0.00,$0.00,Public Safety found a damaged parking gate at 6404 Shirley St.
20160217,ACCIDENTS - P.D. REPORTABLE,5/28/2016 11:46,Open,5/28/2016 8:00,5/28/2016 11:30,Baxter Arena,2524 S 67th (GOV'T PARKING LOT (UNO)),$0.00,$0.00,"Property Damage accident in Baxter Arena Lot 26.  At fault driver not on scene, however a note was left on windshield of reporting parties vehicle."
20160218,MISSING PERSON - ADULT,5/30/2016 18:15,Open,5/28/2016 11:39,5/30/2016 20:27,UV Clubhouse,6506 University Drive South (UNO RESIDENCE HALL),$0.00,$0.00,Missing person reported to OPD and later located in Lincoln Nebraska.
20160219,LARCENY - STOLEN BIKE,5/31/2016 14:10,Open,5/28/2016 14:00,5/31/2016 11:00,SV Building F,6355 Pine Plaza (UNO RESIDENCE HALL),$0.00,$0.00,A student reported their unlocked bicycle was taken from the porch at 6355 Pine Plaza.
20160220,SUSPICIOUS PERSON,5/31/2016 17:11,Open,5/31/2016 16:16,5/31/2016 16:46,Mammel Hall,6708 Pine (UNO ACADEMIC BUILDING),$0.00,$0.00,A suspicious person was reported to Public Safety at Mammel Hall.  The visitor was located and escorted from the building.
20160221,VANDALISM - OTHER,6/2/2016 8:18,Open,6/1/2016 8:10,6/1/2016 8:20,Child Care,230 University Drive West (GOV'T PARKING LOT (UNO)),$0.00,$0.00,A visitor reported damage to their vehicle while parked in a lot near 230 University Drive West.
20160222,ACCIDENTS - P.D. REPORTABLE,6/2/2016 12:06,Open,6/1/2016 13:30,6/1/2016 13:40,Arts & Science Hall,222 University Drive East (GOV'T PARKING LOT (UNO)),$0.00,$0.00,Accident was between rented Univ. van and citizen
20160223,ALCOHOL - CONSUMPTION IN PUBLIC,6/4/2016 1:22,Open,6/3/2016 23:52,6/3/2016 23:52,SC Building 1,6404 Shirley Street (UNO RESIDENCE HALL),$0.00,$0.00,Public Safety Officers observed an alcohol violation from a residence hall at 6404 Shirley St.
20160224,SEX OFFENSE - OTHER,6/4/2016 16:00,Open,,,SV Building J,1510 s 63rd Court (STREET),$0.00,$0.00,"Student called to make report of sexual assault.  When officers arrived the victim student did not want to file a report.  OPD officers were on scene, could not make a report due to victim's refusal to cooperate."
20160225,FIRE (WORKING) - ALARM,6/5/2016 20:23,Open,6/5/2016 19:40,6/5/2016 20:14,SC Building 1,6404 Shirley Street (UNO RESIDENCE HALL),$0.00,$0.00,On 06/05/2116 a faulty belt on a washing machine in Scott Court building 1 set off a fire alarm.  Omaha Fire reported smoke but no fire.  Washing machine was taken out of service for repair.
20160226,VANDALISM - OTHER,6/6/2016 11:00,Open,6/6/2016 9:45,6/6/2016 9:45,Strauss Performing Arts,6305 University Drive North (OTHER LOT/FIELD),$0.00,$0.00,Vehicle was observed through video causing damage.
20160227,LARCENY - STOLEN BIKE,6/6/2016 22:59,Open,6/6/2016 19:00,6/6/2016 22:40,SV Building H,1511 S 64th Court (UNO RESIDENCE HALL),$150.00,$0.00,Bike stolen from the area of Scott Village building H.  No physical evidence left at the scene.
20160228,ACCIDENTS - INJURY,6/7/2016 9:41,Open,6/6/2016 15:30,,Center Building & Dome,6808 Spring Street (STREET),$0.00,$0.00,This incident occurred with an off duty U.N.O. employee in his personal car on a public street.  No contact was made by victim or suspect in this event.
20160229,MEDICAL EMERGENCY,6/7/2016 21:24,Open,6/7/2016 20:58,,SV Building E,6606 S 63rd Plaza (UNO APARTMENT),$0.00,$0.00,A visitor to campus was transported to the hospital after collapsing in a room at Scott Village.
20160230,SUSPICIOUS PERSON,6/8/2016 10:55,Open,6/8/2016 5:30,6/8/2016 6:00,Parking Structure 1 (EAST GARAGE),310 University Drive East (GOV'T PARKING GARAGE (UNO)),$0.00,$0.00,A visitor was observed sleeping in the stairwell of T lot parking garage.  He left campus on his own.
20160231,"PROPERTY DAMAGE - UNINTENTIONAL,NON TRAFFIC",6/8/2016 13:06,Open,6/8/2016 11:30,,N/A,6513 University Drive South (GOV'T PARKING LOT (UNO)),$0.00,$0.00,Maintenace needs to stay at accident sight until CSO arrives.  do not leave the scene
20160232,LARCENY - OTHER OR FROM OPEN AREA,6/8/2016 16:04,Open,6/8/2016 8:40,6/8/2016 9:05,Mammel Hall,6708 Pine (UNO ACADEMIC BUILDING),$0.00,$0.00,A visitor reported a theft while inside 6708 Pine St.
20160236,BURGLARY,6/9/2016 7:45,Open,6/9/2016 6:00,6/9/2016 7:10,SV Building B,1708 S 63rd Plaza (UNO RESIDENCE HALL),$0.00,$0.00,Report of Criminal Mischief  and destruction of property
20160235,BURGLARY,6/9/2016 8:00,Open,6/9/2016 6:00,6/9/2016 7:30,SV Building D,6354 Hickory Plaza (UNO RESIDENCE HALL),$407.00,$0.00,A burglary was reported to a Scott Village.  The suspects were later arrested off campus.
20160234,BURGLARY,6/9/2016 8:30,Open,6/8/2016 23:00,6/9/2016 7:30,SV Building D,6354 Hickory Plaza (UNO RESIDENCE HALL),"$2,000.00",$0.00,A burglary was reported to Scott Village resident.  The suspects were later arrested off campus.
20160233,BURGLARY,6/9/2016 10:36,Open,6/9/2016 7:10,6/9/2016 7:25,SV Building E,6606 S 63rd Plaza (UNO RESIDENCE HALL),$0.00,$0.00,A student reported a Burglary to 1606 S. 63 Plaza.  The suspects were later arrested and stolen property returned to the owners.
20160238,BURGLARY,6/9/2016 12:00,Open,6/9/2016 6:30,6/9/2016 7:10,SV Building H,1511 S 64th Court (UNO APARTMENT),$1.00,$0.00,A student reported a Burglary at Scott Village.  The suspects were later arrested off campus.
20160239,BURGLARY,6/10/2016 7:15,Open,6/9/2016 6:45,6/9/2016 7:15,SV Building B,1708 S 63rd Plaza (UNO RESIDENCE HALL),$150.00,$0.00,This victim was one of many during the two hour burglary spree.
20160240,ALCOHOL - DWI,6/10/2016 17:37,Open,6/10/2016 17:37,,Parking Structure 1 (EAST GARAGE),310 University Drive East (STREET),$0.00,$0.00,A visitor was involved in a collision with a sign on University Drive East.  Omaha Police arrested the driver for Driving under the Influence.
20160241,SEX OFFENSE - OTHER,6/10/2016 19:48,Closed - Cleared by Arrest-Adult,10/9/2015 2:00,6/5/2016 5:21,Mav Village Bldg M,6602 University Drive South (UNO RESIDENCE HALL),$0.00,$0.00,Student reported being grabbed by male student near Maverick Village.  Victim was victim of sexual/harassment/misconduct on three occasions.  Follow-up investigation assigned.
20160242,ALCOHOL - MINOR IN POSSESSION,6/11/2016 0:51,Open,6/11/2016 0:51,6/11/2016 2:00,SC Building 3,6464 Shirley Street (UNIVERSITY/COLLEGE (other than UNO)),$0.00,$0.00,"four juveniles found to be in possession of alcohol  R/A at scene and dumped alcohol prior to CSO entering.  No citations issued, OPD not contacted."
20160244,TRESPASSING,6/11/2016 2:28,Open,6/10/2016 14:00,6/11/2016 2:28,Nemaha Hall South-5,6503 University Drive South (UNO RESIDENCE HALL),$0.00,$0.00,Property left in room of student.  Later determined to be a prank... See additional reports
20160245,ALCOHOL - UNO POLICY VIOLATION,6/12/2016 0:34,Open,6/12/2016 0:34,6/12/2016 0:55,Durham Science Center,6601 University Drive North (UNO ACADEMIC BUILDING),$0.00,$0.00,A visitor was observed consuming alcohol on campus.  He was advised of the alcohol policy.  The visitor was over 21 years old.
20160246,MEDICAL EMERGENCY,6/12/2016 15:42,Open,6/12/2016 14:00,6/12/2016 14:42,Mav Village Bldg C,6622 University Drive South (OTHER RETAIL BUS.),$0.00,$0.00,medical emergency off campus.  Accidentally cut himself with a sword.
20160247,BURGLARY,6/12/2016 18:02,Open,6/11/2016 13:00,6/12/2016 18:00,SV Building F,6355 Pine Plaza (UNO APARTMENT),$500.00,$0.00,"Burglary at Scott Village.  Victim had 500.00 taken from his room.  His brother is listed as a possible suspect and if charged, crime would be changed from burglary to theft."
20160249,LOST OR STOLEN ITEM,6/13/2016 12:17,Open,6/8/2016 15:00,6/12/2016 20:00,Loop Hall North-6,6507 University Drive South (GOV'T PARKING LOT (UNO)),$110.00,$0.00,"Bike theft, no suspects at this time."
20160250,LOST OR STOLEN ITEM,6/13/2016 12:34,Open,6/13/2016 7:35,6/13/2016 9:45,Criss Library,6401 University Drive North (LIBRARY),$0.00,$0.00,Theft of Cell phone from Criss Library.  No suspect information at this time.
20160251,MEDICAL EMERGENCY,6/15/2016 7:17,Open,6/15/2016 7:17,6/15/2016 7:17,Kayser Hall,202 University Drive East (UNO ACADEMIC BUILDING),$0.00,$0.00,Custodian transported to UNMC due to chest pains.
20160252,LARCENY - OTHER OR FROM OPEN AREA,6/16/2016 11:56,Open,6/15/2016 11:20,6/16/2016 11:45,Milo Bail Student Center,"6203 University Drive North (UNO SUPPORT FACILITY (office, service))",$138.00,$0.00,Theft of wallet at Milo Bail Student Center.  No suspects at this time.
20160253,NARCOTICS - POSSESSION,6/16/2016 20:25,Closed - Cleared by Arrest-Adult,6/16/2016 20:25,,SV Building I,1509 S 64th Court (GOV'T PARKING LOT (UNO)),$0.00,$0.00,Two parties arrested for drug violations behind Building I in Scott Village.  One student one non-student.
20160255,ACCIDENTS - P.D. REPORTABLE,6/17/2016 11:29,Open,6/17/2016 11:20,6/17/2016 11:29,UV Clubhouse,6506 University Drive South (GOV'T PARKING LOT (UNO)),$0.00,$0.00,Vehicle backed into a vehicle assigned to grounds.  No damage found to have occurred to either vehicle.
20150256,ACCIDENTS - P.D. H&R NOT REPORTABLE,6/20/2016 7:34,Open,6/19/2016 19:00,6/20/2016 6:30,Parking Structure 2 (J GARAGE),6650 University Drive South (GOV'T PARKING GARAGE (UNO)),$0.00,$0.00,Minor Property Damage Hit and Run Accident possibly occurred in Lot J.
20160257,SUSPICIOUS PERSON,6/23/2016 14:25,Open,6/23/2016 12:30,6/23/2016 12:54,Community Engagement Center,6335 University Drive North (SIDEWALK),$0.00,$0.00,Suspicious persons selling magazines on campus.  Party given letter of trespass and ordered off campus.
20160259,SS - OTHER,6/26/2016 15:52,Open,6/26/2016 15:25,6/26/2016 15:28,N/A,(GOV'T PARKING GARAGE (UNO)),$0.00,$0.00,A University vehicle was involved in a minor collision in the East parking garage.
20160260,DISTURBANCE - DOMESTIC,6/27/2016 20:22,Open,6/27/2016 19:48,6/27/2016 20:20,Arts & Science Hall,222 University Drive East (GOV'T PARKING LOT (UNO)),$0.00,$0.00,"Domestic disturbance between two students.  OPD on scene, no arrests made.  Incident occurred in Lot W both parties live in University Housing.  No physical contact made during the disturbance."
20160261,MEDICAL EMERGENCY,6/28/2016 4:30,Open,6/28/2016 3:46,6/28/2016 4:11,Allwine Hall,6220 Maverick Plaza (UNO ACADEMIC BUILDING),$0.00,$0.00,Medical Emergency with staff member.  Party declined treatment and was transported to her residence.
20160262,SUSPICIOUS PERSON,6/28/2016 16:58,Open,6/28/2016 16:39,6/28/2016 16:58,Parking Structure 1 (EAST GARAGE),310 University Drive East (GOV'T PARKING LOT (UNO)),$0.00,$0.00,Two parties were approached as they were trying to sell magazines on campus.  They were identified and issued a Trespass notice.
20160263,ABANDONED BICYCLE,6/29/2016 8:44,Open,,,Center Building & Dome,6808 Spring Street (STREET),$0.00,$0.00,Lost bike located in lot 26.  Booked into property.
20160264,VANDALISM - OTHER,6/29/2016 15:18,Open,6/14/2016 18:00,6/16/2016 7:20,SC Building 1,6404 Shirley Street (GOV'T PARKING LOT (UNO)),$0.00,$0.00,Possible DOP to a vehicle.  Incident occurred at Scott Court parking lot.  Vehicle towed to repair shop to determine if sugar was dumped into gas tank.
20160265,MEDICAL EMERGENCY,6/29/2016 16:24,Open,6/29/2016 15:45,6/29/2016 16:10,HPER,6323 Maverick Plaza (UNO ACADEMIC BUILDING),$0.00,$0.00,"Medical emergency hyper room 102...  Student transported to  Nebraska Medical.  
Lori Arias advised"
20160266,"PROPERTY DAMAGE - UNINTENTIONAL,NON TRAFFIC",6/29/2016 20:49,Open,,,Scott Court,6404 Shirly Street (GOV'T PARKING LOT (UNO)),$0.00,$0.00,One of the parking arms in lot 14 was damaged.  No suspect information at this time.
20160268,DISTURBANCE - OTHER,7/2/2016 4:46,Open,7/2/2016 3:41,7/2/2016 4:46,SV Building D,6354 Hickory Plaza (UNO RESIDENCE HALL),$0.00,$0.00,Disturbance in Scott Village that involved both students and non students.  Alcohol was located and dumped.  Non students were identified and advised to leave the property.  No arrests were made.
20160269,PARKING - OTHER,7/3/2016 2:55,Open,7/3/2016 2:55,7/3/2016 3:50,SV Building A,6360 Walnut Plaza (GOV'T PARKING LOT (UNO)),$0.00,$0.00,"Two students located in vehicle parked in a handicap stall in front of Scott Village Building A.
OPD contacted, no arrests made."
20160271,ALCOHOL - BUY/PROCURE FOR MINORS,7/3/2016 5:10,Open,7/3/2016 1:27,7/3/2016 4:44,Mav Village Bldg K,6614 University Drive South (UNO RESIDENCE HALL),$0.00,$0.00,"Four arrests made in Mav Village after female party observed throwing up by vehicle.  Two UNO students and one non student arrested for MIP and one  1 non affiliated  student (UNL) arrested for procuring to minors.  All cited and released by OPD officers, alcohol dumped out at scene."
20160272,NARCOTICS - POSSESSION,7/4/2016 14:41,Open,7/4/2016 13:29,7/4/2016 14:41,SC Building 4,6510 Shirley Street (UNO RESIDENCE HALL),$0.00,$0.00,"Officers received a call of people using marijuana in Scott Court.  Rooms searched, marijuana located and seized.  No arrests made."
20160273,LOST OR STOLEN ITEM,7/4/2016 21:13,Open,7/4/2016 2:00,7/4/2016 20:51,Mammel Hall,6708 Pine (GOV'T PARKING LOT (UNO)),$0.00,$0.00,Tire stolen off of one of the zip cars parked on campus.  Vehicle was in lot 5 at the time of the theft.  No suspects at this time.
20160274,ALCOHOL - UNO POLICY VIOLATION,7/5/2016 0:33,Open,7/5/2016 0:33,7/5/2016 0:57,SC Building 1,6404 Shirley Street (UNO RESIDENCE HALL),$0.00,$0.00,"Public Safety Officers discovered alcohol violations at 6404 Shirley St.  The incident involved legal age visitors, but still violated campus no-alcohol policy."
20160275,TRAFFIC - SUSPENDED DRIVER,7/5/2016 1:15,Closed - Cleared by Arrest-Adult,7/5/2016 1:15,,N/A,Dodge Street & S 67th Street (STREET),$0.00,$0.00,A visitor was driving erratically on campus.  The driver pulled into a parking stall.  A check found that he had a suspended drivers license and no proof of insurance.  He was cited for both violations.
20160276,ACCIDENTS - INJURY,7/5/2016 11:17,Open,7/5/2016 10:40,,Weber Fine Arts,6505 University Drive South (UNO ACADEMIC BUILDING),$0.00,$0.00,Visitor to Webber Fine arts accidentally cut her finger while working on a project.  She was taken to Student Health Services.
20160277,ACCIDENTS - P.D. H&R REPORTABLE,7/5/2016 15:15,Open,7/5/2016 10:00,7/5/2016 11:45,N/A,(GOV'T PARKING LOT (UNO)),$0.00,$0.00,A student reported to Public Safety that her vehicle was struck in lot A while parked.  The incident is being investigated as a Hit/Run accident.
20160278,MEDICAL EMERGENCY,7/6/2016 13:20,Open,7/6/2016 13:10,7/6/2016 13:10,Landscape Services,"(UNO SUPPORT FACILITY (office, service))",$0.00,$0.00,An University staff member had a possible allergic reaction to a bee sting.  A medic was called to the scene.  The staff member was checked by Medic and did not need to be transported to the Hospital.
20160279,SUSPICIOUS PERSON,7/7/2016 15:58,Open,7/7/2016 16:00,,Community Engagement Center,6335 University Drive North (UNO ACADEMIC BUILDING),$0.00,$0.00,Suspicious person in the CEC.  She was advised of the building rules and allowed to stay.
20160280,"PROPERTY DAMAGE - UNINTENTIONAL,NON TRAFFIC",7/8/2016 16:44,Open,7/8/2016 7:00,7/8/2016 16:19,SV Commons,1601 S. 64th (GOV'T PARKING LOT (UNO)),$0.00,$0.00,Parking lot 10 parking lot gate arm broken off.  No suspect information at the time of this report.
20160281,MEDICAL EMERGENCY,7/8/2016 20:12,Open,7/8/2016 19:35,,Durham Science Center,6601 University Drive North (UNO ACADEMIC BUILDING),$0.00,$0.00,"Medical Emergency Durham Science Center. OFD dispatched, party not transported."
20160282,ALCOHOL - DRUNK,7/9/2016 4:00,Open,7/9/2016 4:00,,SV Commons,1601 S. 64th (SIDEWALK),$0.00,$0.00,"Domestic disturbance involving 2 students in the area of the Scott Village bus stop.  OPD contacted, no arrests made."
20160283,LARCENY - FROM BUILDING,7/9/2016 11:19,Open,7/9/2016 8:45,7/9/2016 11:00,Peter Kiewit Institute,1110 South 67th Street (UNO ACADEMIC BUILDING),$0.00,$0.00,Property taken during a class at PKI.  No suspects at this time.
20160284,ACCIDENTS - P.D. H&R REPORTABLE,7/9/2016 12:25,Open,7/9/2016 11:55,7/9/2016 12:05,UV Clubhouse,6506 University Drive South (GOV'T PARKING LOT (UNO)),$0.00,$0.00,Property Damage Hit and Run in Lot K.
20160285,MISC - OTHER,7/10/2016 12:34,Open,7/10/2016 7:45,7/10/2016 8:15,Peter Kiewit Institute,1110 South 67th Street (UNO ACADEMIC BUILDING),$0.00,$0.00,Students inside PKI overnight.  Students were identified.
20160286,SUSPICIOUS PERSON,7/11/2016 5:11,Open,7/11/2016 5:11,,HPER,6323 Maverick Plaza (SIDEWALK),$0.00,$0.00,Suspicious male on a bike refused to stop and talk with Campus Security.  OPD notified and were unable to locate and ID the party.
20160287,DISTURBANCE - OTHER,7/11/2016 15:52,Open,7/1/2016 22:00,7/1/2016 22:05,Criss Library,6401 University Drive North (SIDEWALK),$0.00,$0.00,Fight disturbance to the east of DCS.  Student was identified as being involved.  No assault report taken.
20160288,LARCENY - FROM BUILDING,7/12/2016 17:18,Open,7/12/2016 15:50,7/12/2016 16:00,Peter Kiewit Institute,1110 South 67th Street (UNO ACADEMIC BUILDING),$0.00,$0.00,Theft of purse from academic building.  Victim's credit card used at two local businesses prior to the victim being made aware of the theft.
20160289,ALCOHOL - UNO POLICY VIOLATION,7/13/2016 0:51,Open,7/13/2016 2:29,7/13/2016 2:29,SC Building 1,6404 Shirley Street (UNO RESIDENCE HALL),$0.00,$0.00,lliquor  violation in Scott Court.  some of  parties were of legal age and asked to leave the property which they complied.  No arrests were made.
20160290,NARCOTICS - POSSESSION,7/13/2016 1:44,Open,7/13/2016 0:49,7/13/2016 1:32,Scott Confrence Center,6450 Pine (GOV'T PARKING LOT (UNO)),$0.00,$0.00,Student located in his vehicle parked in lot 9 attempting to hide from officer as he patrolled the area.  Marijuana and drug paraphernalia located in his vehicle.  OPD requested at scene.  They arrived and later released suspect without arrest.  All evidence handled by OPD.
20160291,"PROPERTY DAMAGE - UNINTENTIONAL,NON TRAFFIC",7/13/2016 17:59,Open,7/13/2016 1:00,7/13/2016 2:00,Central Utilities Plant,6331 University Drive South (STREET),$0.00,"$1,380.00",Student was instructed to drive through a construction zone by a member of the road crew patching university roads.  All four of the vehicle tires were damaged as a result of driving over hot tar.  All four tires were replaced.
20160292,TELEPHONE - THREATENING CALLS,7/13/2016 23:36,Open,7/13/2016 21:00,7/13/2016 21:30,Calmus Hall North-4,6502 University Drive South (UNO APARTMENT),$0.00,$0.00,Student had received a threat from a female friends boyfriend.  Neither the female friend or the suspect were on scene.  No arrests were made pending additional investigation.
20160293,NARCOTICS - POSSESSION,7/14/2016 5:27,Open,7/14/2016 3:28,7/14/2016 5:15,Calmus Hall South-4,6504 University Drive South (UNO APARTMENT),$0.00,$0.00,Marijuana and paraphernalia located in dorm room while officers were on call for an unrelated Hit and Run accident involving a DUI driver in same dorm room.
20160294,ALCOHOL - DRUNK,7/14/2016 6:43,Open,7/14/2016 3:28,7/14/2016 5:15,Calmus Hall South-4,6504 University Drive South (UNO APARTMENT),$0.00,$0.00,CSO located what appeared to be fresh damage on a vehicle parked in Lot L.  Driver located in his dorm room.  OPD notified and arrested the driver for DUI and Leaving scene of P/D accident.
20160295,MISC - OTHER,7/15/2016 6:32,Open,,,N/A,6360 Walnut Plaza (GOV'T PARKING LOT (UNO)),$0.00,$0.00,Broken gate arm at Scott Village.  No suspect information at this time.
20160296,ALCOHOL - UNO POLICY VIOLATION,7/16/2016 3:38,Open,7/16/2016 2:00,7/16/2016 2:10,SC Building 1,6404 Shirley Street (UNO APARTMENT),$0.00,$0.00,"Campus alcohol policy violation by interns.  Officers heard party in progress and went to Scott Court Building 1 room 202 and located 6 people in the room along with alcohol.  All parties were over the age of 21, no arrests made."
20160297,MISC - OTHER,7/16/2016 5:27,Open,7/16/2016 11:00,7/16/2016 4:37,Mav Village Bldg I,6630 University Drive South (UNO RESIDENCE HALL),$0.00,$0.00,All lights were found to be out in Mav Village Building I.  No evidence of criminal destruction of property.  Possibly a power surge.
20160300,NARCOTICS - POSSESSION,7/18/2016 2:40,Open,7/18/2016 2:40,,Scott Confrence Center,6450 Pine (STREET),$0.00,$0.00,"Suspicious vehicle on campus.  Stopped by OPD after exiting campus, meth and heroin located in vehicle.  Neither occupant affiliated with UNO."
20160301,LARCENY - FROM BUILDING,7/18/2016 8:45,Closed - Cleared by Arrest-Adult,7/10/2016 17:20,7/10/2016 17:30,Elkhorn River Reserch Center,"5400 South 245th (UNO SUPPORT FACILITY (office, service))","$7,722.00",$0.00,Felony theft from Elkhorn River Research Center.  Report taken by Douglas County Sheriffs Office.  Suspect observed on CCTV and information given to DCSO for report.
20160302,ALCOHOL - DRUNK,7/19/2016 4:05,Open,7/19/2016 4:05,,Central Utilities Plant,6331 University Drive South (STREET),$0.00,$0.00,Juvenile wondering on campus apparently under the influence of drugs and/or alcohol.  Party located in Elmwood Park and released to OPD.  No arrests made.
20160298,NARCOTICS - OTHER,7/19/2016 9:02,Closed - Cleared by Arrest-Adult,7/16/2016 20:00,7/16/2016 20:20,Baxter Arena,2524 S 67th ( ),$0.00,$0.00,Female suspect with no affiliation to UNO was arrested for possession of marijuana less than 1 ounce while attending the Victory Fights at Baxter Arena.
20160303,ACCIDENTS - P.D. H&R NOT REPORTABLE,7/22/2016 10:15,Open,7/22/2016 9:45,7/22/2016 9:55,Eppley Administration,6101 University Drive North (STREET),$0.00,$0.00,"Minot property damage hit and run accident on drive north by ""B"" lot.  Accident involved two semi trucks and it is unknown of run driver was aware of contact."
20160304,TRAFFIC - OTHER,7/22/2016 16:07,Open,7/22/2016 13:00,,Arts & Science Hall,222 University Drive East (STREET),$0.00,$0.00,Driver of vehicle drove over wet paint being applied to university roads causing yellow paint to be splattered onto his vehicle.
20160305,MEDICAL EMERGENCY,7/23/2016 23:40,Open,7/23/2016 23:04,7/23/2016 23:20,Baxter Arena,2524 S 67th (SPORT FACILITIES),$0.00,$0.00,Medical emergency at Baxter Arena involving a non affiliated person.  OFD arrived and party refused medical treatment.  Left area on foot.
20160306,TRAFFIC - OTHER,7/24/2016 1:30,Open,7/24/2016 1:30,7/24/2016 1:40,Lot 26,2800 South 67th (COMMERCIAL PARKING LOT),$0.00,$0.00,motorcyclists riding negligently in lot 26.  They were approached and advised to leave.
20160307,SUSPICIOUS PERSON,7/24/2016 12:39,Open,7/24/2016 12:00,7/24/2016 12:35,Thompson Alumni Center,"6705 Dodge Street (UNO SUPPORT FACILITY (office, service))",$0.00,$0.00,Un-affiliated Party advised that she was being chased by a W/M in the Elmwood park area.  Witnesses advised that she had not been chased.  Party checked medically by OFD and cleared.  She was transported off campus by OPD to 72nd and Dodge.
20160308,SUSPICIOUS PERSON,7/26/2016 9:02,Open,7/25/2016 12:15,7/25/2016 12:20,Durham Science Center,6601 University Drive North (UNO ACADEMIC BUILDING),$0.00,$0.00,"Suspicious person taking pictures of the children attending the Aim for the Stars Camp.  Officers checked the area, but was unable to locate him.  No suspect information at this time."
20160309,FALSE SECURITY ALARMS - MECHANICAL,7/27/2016 3:55,Open,7/27/2016 2:50,7/27/2016 3:23,Strauss Performing Arts,6305 University Drive North (UNO ACADEMIC BUILDING),$0.00,$0.00,Alarm at Straus Performing Arts.  Party located in the area and identified.  Later determined to be employee and was released.
20160310,LARCENY - STOLEN BIKE,7/28/2016 11:00,Open,7/27/2016 22:00,7/28/2016 2:30,Mav Village Bldg R,6634 University Drive South (SIDEWALK),$400.00,$0.00,Report of bike theft from Maverick Village Building R... No suspect information at this time.
20160311,NARCOTICS - POSSESSION,7/29/2016 1:06,Open,7/29/2016 1:06,7/29/2016 1:34,Weber Fine Arts,6505 University Drive South (GOV'T PARKING LOT (UNO)),$0.00,$0.00,Two students in vehicle with marijuana and paraphernalia.  One of two arrested by OPD.  All evidence held by OPD
20160312,LARCENY - OTHER OR FROM OPEN AREA,8/1/2016 1:08,Open,8/1/2016 1:08,,SC Building 4,6510 Shirley Street (UNO APARTMENT),$0.00,$0.00,"During a safety check, a stolen barricade was located in a dorm room of a student in Scott Court.  According to the resident, the theft was committed by his roommate.  The roommate had moved out of the dorm.  The barricade was taken and held as evidence."
20160313,LARCENY - OTHER OR FROM OPEN AREA,8/1/2016 8:20,Open,7/31/2016 14:30,7/31/2016 14:32,Scott Confrence Center,"6450 Pine (UNO SUPPORT FACILITY (office, service))","$1,200.00",$0.00,Trailer theft from Scott CC.  Suspects observed on tape.  Trailer was not locked up and is not registered.
20160314,MEDICAL EMERGENCY,8/1/2016 12:12,Open,8/1/2016 11:22,8/1/2016 11:42,Arts & Science Hall,222 University Drive East (UNO ACADEMIC BUILDING),$0.00,$0.00,Medical emergency at Arts and Science Building.  OFD on scene to check student.  Student refused transportation to hospital.  OFD cleared him medically.
20160315,LARCENY - STOLEN BIKE,8/2/2016 10:00,Open,7/28/2016 10:00,7/31/2016 17:00,SV Building H,1511 S 64th Court (SIDEWALK),$200.00,$0.00,"Theft of bicycle Scott Village Bldg H.
No suspect at this time"
20160316,ACCIDENTS - P.D. REPORTABLE,8/2/2016 20:26,Open,8/2/2016 19:38,8/2/2016 20:06,Baxter Arena,2524 S 67th (STREET),$0.00,$0.00,Property Damage accident just north of Baxter Arena on 67th street.  Driver was non-affiliated with UNO.  OPD on scene and completed stated accident report.
20160317,ACCIDENTS - P.D. H&R REPORTABLE,8/3/2016 11:49,Open,8/3/2016 9:30,8/3/2016 9:35,Nemaha Hall North-5,6501 University Drive South (GOV'T PARKING LOT (UNO)),$0.00,$0.00,"Property damage accident Lot ""L""
Suspect later identified.  
Investigation ongoing"
20160318,ACCIDENTS - P.D. REPORTABLE,8/3/2016 14:53,Closed - Non-Criminal Case,8/3/2016 11:53,8/3/2016 11:56,Niobrara Hall-1,6510 University Drive South (GOV'T PARKING LOT (UNO)),$0.00,$0.00,"Accident reported at Lot ""L"".  Vehicle involved was UNO vehicle assigned to UNODPS."
20160319,VANDALISM - BY GRAFFITI,8/3/2016 16:30,Open,8/3/2016 10:00,8/3/2016 16:00,Parking Structure 1 (EAST GARAGE),310 University Drive East (GOV'T PARKING GARAGE (UNO)),$0.00,$0.00,"Destruction of property to a vehicle.  Occurred in Lot ""T"" and involved a vehicle being vandalized with spray paint.  No suspects at this time."
20160320,MEDICAL EMERGENCY,8/4/2016 12:07,Open,8/4/2016 11:55,8/4/2016 12:05,Weber Fine Arts,6505 University Drive South (UNO ACADEMIC BUILDING),$0.00,$0.00,Medical Emergency Weber Fine Arts.  OFD not contacted.  Treated at HPER.
20160322,SUSPICIOUS VEHICLE,8/5/2016 1:02,Open,8/5/2016 1:02,,N/A,6116 Dodge St (GOV'T PARKING LOT (UNO)),$0.00,$0.00,"PSO made contact with a male sleeping in his truck, along the west side of SMM Church. Male was ID and released."
20160321,ALCOHOL - UNO POLICY VIOLATION,8/5/2016 2:59,Open,8/5/2016 2:03,8/5/2016 2:17,Mav Village Bldg V,6618 University Drive South (UNO APARTMENT),$0.00,$0.00,Party Disturbance involving alcohol and marijuana.  No arrests made.  Large group left area prior to arrival of officers and R/A's.
20160329,LARCENY - STOLEN BIKE,8/5/2016 15:00,Open,5/1/2016 0:00,7/1/2016 23:00,Nemaha Hall North-5,6501 University Drive South (SIDEWALK),$200.00,$0.00,Bicycle theft from University village.  No suspects at this time.
20160323,VANDALISM - OTHER,8/5/2016 15:54,Closed - Cleared by Arrest-Adult,8/5/2016 13:30,8/5/2016 14:30,Parking Structure 1 (EAST GARAGE),310 University Drive East (STREET),$0.00,$0.00,Disturbance and DOP that started off campus.  OPD on scene and two parties arrested.  Both were cited and released by OPD.
20160324,NARCOTICS - POSSESSION,8/6/2016 2:17,Open,8/6/2016 2:17,,Mav Village Clubhouse Bldg S,6608 University Drive South (SIDEWALK),$0.00,$0.00,Vehicle being driven on sidewalk near University Village.  Driver and two additional occupants in possession of marijuana and alcohol.
20160325,ALCOHOL - MINOR IN POSSESSION,8/7/2016 2:52,Open,8/7/2016 2:52,,N/A,Elmwood Park Road (STREET),$0.00,$0.00,Two Non-resident juveniles found in vehicle parked on the East Elmwood Park Road with alcohol.  No arrests made
20160326,ALCOHOL - MINOR IN POSSESSION,8/7/2016 3:31,Open,8/7/2016 3:31,8/7/2016 4:17,Mav Village Bldg M,6602 University Drive South (UNO RESIDENCE HALL),$0.00,$0.00,"UNODPS Dispatch Center observed on video what they believed to be a person with a bottle of alcohol  into a building located in Maverick Village.  CSO's and R/A's went to room and spoke to the parties inside.  During their conversation, they were advised that alcohol was in the room.  The alcohol was poured out and no arrests were made."
20160327,MEDICAL EMERGENCY,8/7/2016 9:08,Open,8/7/2016 8:24,,Mav Village Bldg V,6618 University Drive South (UNO RESIDENCE HALL),$0.00,$0.00,Medical Emergency Mav Village.  Student transported to Hospital for medical care.
20160328,TRESPASSING,8/7/2016 22:02,Open,8/7/2016 20:56,,Sapp Fieldhouse,6311 Maverick Plaza (UNO ACADEMIC BUILDING),$0.00,$0.00,"Trespassing call to Sapp Field House.  Four juveniles were inside the building and had consumed some Gatorade and hid some protein bars inside of a large tire.  The protein bars were recovered and no charges were filed for theft of Gatorade.
All four students were given Ban and Bar notices."
20160331,MEDICAL EMERGENCY,8/9/2016 1:27,Open,8/9/2016 0:44,8/9/2016 1:11,SV Building I,1509 S 64th Court (UNO RESIDENCE HALL),$0.00,$0.00,"Medical Emergency at Scott Village Building ""I"" room 303.  Not resident was having an asthma attack while visiting friends on campus.  OFD on scene, did not transport party to hospital."
20160333,ACCIDENTS - P.D. REPORTABLE,8/12/2016 14:14,Open,8/12/2016 14:14,8/12/2016 14:14,Baxter Arena,2524 S 67th (GOV'T PARKING LOT (UNO)),$0.00,$200.00,
20160334,LARCENY - FROM BUILDING,8/12/2016 22:23,Open,8/12/2016 14:30,8/12/2016 17:00,Collage of Public Affairs & Community Service,6320 Maverick Plaza (UNO ACADEMIC BUILDING),$0.00,$0.00,Theft of a purse form CPAC.
20160335,BURGLARY,8/13/2016 21:10,Open,8/12/2016 17:30,8/13/2016 21:10,SV Building I,1509 S 64th Court (UNO APARTMENT),$550.00,$0.00,"Bike theft Scott Village Building ""I""  No suspect information at this time."
20160336,ALCOHOL - UNO POLICY VIOLATION,8/14/2016 2:52,Open,8/14/2016 23:28,8/14/2016 0:12,Mav Village Bldg I,6630 University Drive South (UNO APARTMENT),$0.00,$0.00,Teen drinking in Mav village
20160337,,8/14/2016 20:15,Open,8/13/2016 18:00,8/14/2016 11:00,Nemaha Hall North-5,6501 University Drive South (GOV'T PARKING LOT (UNO)),$20.00,$0.00,
20160338,SUSPICIOUS PERSON,8/14/2016 23:30,Open,8/14/2016 22:45,8/14/2016 23:19,N/A,W Center Road (STREET),$0.00,$0.00,
20160340,VANDALISM - OTHER,8/16/2016 15:26,Open,8/16/2016 15:26,8/16/2016 15:26,SV Building A,6360 Walnut Plaza (GOV'T PARKING LOT (UNO)),$0.00,$0.00,"Students vehicle was struck by three eggs while it was parked in Lot ""A"".  No suspects at this time."
20160339,LARCENY - OTHER OR FROM OPEN AREA,8/17/2016 9:15,Open,8/2/2016 10:00,8/16/2016 14:35,Mav Village Bldg K,6614 University Drive South (UNO RESIDENCE HALL),$0.00,$0.00,
20160341,MISC - OTHER,8/19/2016 13:14,Open,6/1/2016 15:00,8/19/2016 15:00,Criss Library,6401 University Drive North (UNO ACADEMIC BUILDING),$0.00,$0.00,
20160342,ACCIDENTS - P.D. NOT REPORTABLE,8/19/2016 22:06,Open,8/19/2016 22:06,8/19/2016 22:21,Thompson Alumni Center,6705 Dodge Street (STREET),$0.00,$0.00,
20160343,ALCOHOL - UNO POLICY VIOLATION,8/20/2016 3:37,Open,8/20/2016 3:37,,Niobrara Hall-1,6510 University Drive South (STREET),$0.00,$0.00,
20160344,LOST OR STOLEN ITEM,8/20/2016 12:15,Open,8/20/2016 0:10,8/20/2016 10:10,SC Building 4,6510 Shirley Street (GOV'T PARKING LOT (UNO)),$213.00,$0.00,
20160345,LOST OR STOLEN ITEM,8/21/2016 14:40,Open,8/20/2016 21:00,8/21/2016 10:00,SV Building E,6606 S 63rd Plaza (GOV'T PARKING LOT (UNO)),$310.00,$0.00,
20160346,AUTO THEFT,8/22/2016 0:15,Open,8/22/2016 18:00,8/22/2016 0:00,UV Clubhouse,6506 University Drive South (GOV'T PARKING LOT (UNO)),$900.00,$0.00,
20160347,MEDICAL EMERGENCY,8/22/2016 14:30,Open,8/22/2016 14:30,8/22/2016 14:35,Milo Bail Student Center,6203 University Drive North (UNO ACADEMIC BUILDING),$0.00,$0.00,
20160348,LARCENY - FROM BUILDING,8/22/2016 16:00,Open,8/22/2016 13:00,8/22/2016 14:00,Milo Bail Student Center,"6203 University Drive North (UNO SUPPORT FACILITY (office, service))",$55.00,$0.00,Theft of purse from MBSC.  No suspects at this time.
